id,brand,car_model,type,desc,problem,datetime,status
486716,上汽斯柯达,速派,2013款 1.4T DSG 绅仕版,斯柯达速派起步时变速箱故障无法行驶,"B84,",2020-06-21,信息审核
486707,吉利汽车,博越,2020款 1.8TD DCT 智慧PRO,吉利博越宣传与实车不符无挡位灯,"M279,",2020-06-21,信息审核
486706,上汽大众,桑塔纳,2017款 1.6L 手动 风尚型 Cross,上汽大众桑塔纳韩泰轮胎开裂半轴球笼漏油,"F100,G56,G161,",2020-06-21,信息审核
486705,吉利汽车,星越,2019款 改款 350T 耀星者,吉利星越车机系统升级后卡顿问题解决,"O348,",2020-06-21,信息审核
486704,东风本田,本田CR-V,2015款 2.4L 两驱 豪华版,东风本田CR-V发动机熄火希望厂家处理,"A14,J298,J301,",2020-06-21,信息审核
486700,众泰汽车,众泰E200,2018款 Pro,众泰E200行驶过程中失去动力存在安全隐患,"A346,I295,L310,N318,",2020-06-21,信息审核
486699,一汽-大众,探岳,2019款 330TSI 两驱 尊贵型 国V,一汽大众探岳大灯亮度严重不足影响安全,"H82,",2020-06-21,信息审核
486698,奇瑞汽车,瑞虎5x,2019款 HERO 1.5T DCT 高能版,奇瑞瑞虎5x车机系统反应慢断线希望厂家解决,"H21,H155,",2020-06-21,信息审核
486696,吉利汽车,星越,2019款 300T 耀星者,吉利星越车机系统死机系统与宣传不符,"H155,M279,",2020-06-21,信息审核
486694,吉利汽车,远景X6,2016款 1.3T CVT 豪华型,吉利远景X6发动机冷车启动困难转速低,"A44,A35,",2020-06-21,信息审核
486691,一汽-大众奥迪,奥迪A4L,2019款 40 TFSI 时尚型 国VI,一汽大众奥迪A4L空调风口吹自然风有异味,"H121,I295,J298,",2020-06-21,信息审核
486690,上汽大众,途观L,2018款 330TSI 自动 两驱 舒适版,上汽大众途观L车辆无法启动要求厂家处理,"B22,E74,E62,I295,",2020-06-21,信息审核
486687,广汽本田,雅阁,2016款 2.0L CVT  舒适版,广汽本田雅阁转向机异响更换后未解决,"D59,",2020-06-21,信息审核
486685,华晨中华,中华V3,2019款 1.5L 自动 精英型,中华V3电瓶无故没电存在漏电现象,"H146,",2020-06-21,信息审核
486684,比亚迪,比亚迪e5,2018款 450 智联 畅享型,比亚迪e5动力电池故障4S店服务态度恶劣,"H343,I295,I293,I282,I281,J298,J303,N318,",2020-06-21,处理反馈
486683,东风本田,杰德,2016款 1.8L 自动 舒适精英版 5座,东风本田杰德左前升降器故障4S店拒赔,"H72,H67,I297,",2020-06-21,信息审核
486682,东风乘用车,风神AX7,2016款 2.0L 自动 智悦型,东风风神AX7车身生锈腐蚀希望厂家处理,"H79,I297,",2020-06-21,厂家受理
486678,吉利汽车,嘉际,2019款 1.5TD MHEV DCT 尊享型,吉利嘉际流光氛围灯虚假宣传与实车不符,"M279,",2020-06-21,信息审核
486677,东风本田,本田UR-V,2017款 240TURBO 两驱 经典版 国V,东风本田UR-V后备箱严重漏水车胎偏磨,"G245,",2020-06-21,处理反馈
486675,上汽大通,上汽MAXUS G10,2021款 2.0T 手动 精英版 柴油 7座,上汽大通G10后备箱门把手断裂厂家拒赔,"H233,I297,",2020-06-21,处理反馈
486672,上汽大众,朗逸,2017款 1.6L 手动 舒适版,上汽大众朗逸车内异响服务态度恶劣,"H164,",2020-06-21,信息审核
486668,众泰汽车,众泰T800,2018款 2.0T 尊贵智联型 7座,众泰T800中控台异响 变速箱故障灯亮,"B96,B246,H93,",2020-06-21,信息审核
486665,一汽大众,捷达VS5,2019款 280TSI 自动 悦享型,一汽大众捷达VS5导水槽漏水导致涡轮生锈,"H109,",2020-06-21,信息审核
486664,吉利新能源,星越新能源,2019款 改款 400T 耀星者 纯电动续航56KM,吉利星越新能源车机死机要求更换硬件,"H155,M279,",2020-06-21,信息审核
486661,一汽大众,捷达VS5,2019款 280TSI 自动 悦享型,一汽大众捷达VS5低速行驶中右前轮异响,"G125,",2020-06-21,信息审核
486655,吉利汽车,星越,2019款 300T 耀星者,吉利星越车机系统出现死机现象希望尽快处理,"H155,M279,",2020-06-21,信息审核
486653,东风风行,景逸X3,2016款 1.5L 豪华型,东风风行景逸X3行驶中右后下摆臂断裂,"G210,H168,",2020-06-21,信息审核
486650,吉利汽车,星越,2019款 350T 耀星者,吉利星越车机系统黑屏版本与宣传不符,"H155,M279,",2020-06-21,信息审核
486648,吉利汽车,博越,2020款 1.8TD DCT 智领PRO,吉利博越雾灯以及挡位灯与宣传不符,"Q350,",2020-06-21,信息审核
486643,吉利汽车,博越,2020款 1.8TD DCT 智领PRO,吉利博越实车配置与宣传不符要求解决,"M279,",2020-06-21,信息审核
486642,长城汽车,长城C30,2016款 1.5L AMT 豪华型,长城C30变速箱挂挡异响车身生锈,"A9,H79,",2020-06-21,信息审核
486641,北京现代,领动,2020款 1.4T 双离合 炫动·旗舰型,北京现代领动发动机漏油变速箱起步顿挫,"A12,A189,B33,B19,",2020-06-21,信息审核
486638,一汽-大众奥迪,奥迪A6L,2018款 30 FSI CVT 风尚型,一汽大众奥迪A6L天窗漏水4S店维修多次,"H90,I295,J298,",2020-06-21,信息审核
486637,吉利汽车,星越,2019款 350T AWD 驭星者,吉利星越车机与宣传不符 内饰异响,"H93,",2020-06-21,信息审核
486634,一汽丰田,卡罗拉,2018款 1.2T S-CVT GL智享版,一汽丰田卡罗拉后挡风玻璃自动爆裂,"H113,",2020-06-21,信息审核
486632,东风日产,天籁,2016款 2.0L XL 舒适版 改款,东风日产天籁仪表盘开裂 厂家不索赔,"H168,I297,",2020-06-21,信息审核
486631,一汽-大众,宝来,2019款 1.5L 自动 精英型,一汽大众宝来电池电量不足自动启停无法激活,"H146,",2020-06-21,信息审核
486630,吉利汽车,博越,2020款 1.8TD DCT 智领PRO,吉利博越实车变速箱没有挡位灯指示,"M279,",2020-06-21,信息审核
486627,吉利汽车,帝豪GS,2016款 1.3T 自动 领尚型 运动版,吉利帝豪GS发动机异响车身生锈厂家不处理,"A9,B33,H79,H101,H82,H157,I295,",2020-06-21,信息审核
486626,广汽丰田,凯美瑞,2016款 2.0G 自动 十周年纪念领先版,广汽丰田凯美瑞左前半轴油封漏油,"G51,",2020-06-21,信息审核
486624,广汽本田,雅阁,2018款 260TURBO 豪华版 国V,广汽本田雅阁发动机渗油异响希望厂家处理,"A9,A12,E196,",2020-06-21,信息审核
486623,长安汽车,长安CS35,2017款 1.6L 自动 豪华型,长安CS35行驶中方向盘跑偏无法解决,"G117,",2020-06-21,信息审核
486621,东风标致,标致408,2015款 1.2T 自动 豪华版,东风标致408行驶中加速出现失速车辆抖动,"A24,A160,B95,B334,I295,",2020-06-21,信息审核
486619,上汽大众,朗逸,2017款 1.6L 自动 舒适版,上汽大众朗逸车内异味严重4S店不给解决,"H185,",2020-06-21,信息审核
486615,吉利汽车,星越,2019款 350T 驭星者,吉利星越车机系统升级后未能解决问题,"O348,",2020-06-21,信息审核
486613,吉利汽车,星越,2019款 改款 350T 耀星者,吉利星越车机系统死机与官方宣传不一致,"H155,M279,",2020-06-21,信息审核
486611,吉利汽车,嘉际,2019款 1.5TD MHEV DCT 耀享型,吉利嘉际轻混电动机噪音大4S店无法解决,"A342,I295,",2020-06-21,信息审核
486608,广汽丰田,凯美瑞,2016款 2.5G 自动 十周年纪念豪华导航版,广汽丰田凯美瑞半轴防尘套漏油4S店不保修,"G161,I297,Q322,Q290,",2020-06-21,信息审核
486597,上汽大众,Polo,2016款 1.6L 自动 豪华型,上汽大众Polo轮胎偏磨4S店私自维修无单据,"F10,I295,I293,J298,O305,O324,",2020-06-21,信息审核
486592,吉利汽车,星越,2019款 350T 耀星者,吉利星越车机死机硬件与宣传不符要求更换,"H155,M279,",2020-06-21,信息审核
486588,上汽斯柯达,柯迪亚克,2018款 TSI330 两驱 舒适版 5座,上汽斯柯达柯迪亚克发动机共振中控台异响,"A24,H164,H93,I295,",2020-06-21,信息审核
486587,长安马自达,马自达3 昂克赛拉,2016款 1.5L 自动 豪华型 三厢,长安马自达昂克赛拉中控屏开裂4S店不保修,"H168,I297,",2020-06-21,信息审核
486585,东风雪铁龙,C4世嘉,2016款 1.2THP 自动 旗舰型,雪铁龙C4世嘉方向管柱松动 ABS传感器故障,"D265,E74,",2020-06-21,信息审核
486584,一汽-大众,探岳,2019款 330TSI 两驱 豪华型 国V,一汽大众探岳大灯模糊 影响照明,"H82,",2020-06-21,信息审核
486577,东风英菲尼迪,英菲尼迪Q50L,2015款 2.0T 自动 舒适版,东风英菲尼迪Q50L开热风时车内存在汽油味,"H101,",2020-06-21,信息审核
486576,江淮汽车,嘉悦A5,2020款 1.5T CVT 超越型,江淮嘉悦A5后备箱门把手装饰板松动,"H179,H233,",2020-06-21,信息审核
486575,蔚来,蔚来ES8,2018款 创始版,蔚来ES8自动驾驶辅助摄像头故障,"H134,",2020-06-21,信息审核
486574,东风本田,INSPIRE,2019款 锐·混动 2.0L 净雅版 国VI,东风本田INSPIRE锈蚀严重4S店服务态度恶劣,"H79,I295,I293,",2020-06-21,信息审核
486570,北京奔驰,奔驰GLC,2019款 GLC 260 4MATIC 动感型,北京奔驰GLC减震器漏油 刹车异响眼镜盒脱落,"E43,G25,H168,",2020-06-21,信息审核
486568,上汽大通,上汽MAXUS G50,2019款 1.5T 自动 豪华版 国V,上汽大通G50冷媒泄漏 空调不制冷,"H101,",2020-06-21,处理反馈
486566,吉利汽车,星越,2019款 350T 耀星者,吉利星越车机系统出现死机要求升级硬件,"H155,",2020-06-21,信息审核
486564,东风标致,标致408,2014款 1.6T 自动 至尊版,东风标致408后桥异响存在安全隐患要求召回,"G158,",2020-06-21,信息审核
486561,上汽大众,朗逸,2017款 1.6L 自动 舒适版,上汽大众朗逸熄火后转向系统故障灯亮,"D291,",2020-06-21,信息审核
486545,长安马自达,马自达3 昂克赛拉,2016款 1.5L 手动 豪华型 三厢,长安马自达昂克赛拉屏幕边缘处脱胶,"H168,",2020-06-21,信息审核
486542,吉利汽车,星越,2019款 350T AWD 驭星者,吉利星越变速箱顿挫 减震异响 车机死机,"B19,G52,H155,",2020-06-21,信息审核
486541,吉利汽车,星越,2019款 改款 350T 驭星者AWD,吉利星越车机系统升级后未能解决问题,"O348,",2020-06-21,信息审核
486540,猎豹汽车,猎豹CS9,2017款 1.5L CVT 精英型,猎豹CS9发动机高温维修后无法解决,"A191,",2020-06-21,信息审核
486539,上汽大众,朗逸,2017款 1.6L 自动 舒适版,上汽大众朗逸韩泰轮胎开裂希望更换,"F100,",2020-06-20,信息审核
486537,上汽通用五菱,五菱宏光,2020款 1.2L S 基本型 国VI LSI,上汽通用五菱宏光左后车轮摆动维修后未解决,"G204,",2020-06-20,信息审核
486535,吉利汽车,星越,2019款 350T 耀星者,吉利星越车机系统升级措施不到位,"O348,",2020-06-20,信息审核
486533,长安汽车,长安CS75 PLUS,2020款 2.0T 自动 领航型,长安CS75 PLUS车漆破损 引擎盖生锈,"H79,",2020-06-20,厂家受理
486532,一汽丰田,皇冠,2018款 2.0T 运动版,一汽丰田皇冠刹车异响转向异响4S店未解决,"D59,E43,G52,I295,J298,",2020-06-20,信息审核
486531,东南汽车,东南DX3,2018款 1.5L 手动 旗舰型,东南DX3打方向时转向沉不回正4S店不处理,"D123,D156,D154,I295,J300,",2020-06-20,信息审核
486529,江淮汽车,瑞风S3,2016款 1.5L 手动 豪华型,江淮瑞风S3车内异味严重希望厂家给予解决,"H185,I295,",2020-06-20,信息审核
486528,吉利汽车,星越,2019款 350T 驭星者,吉利星越方向盘异响车机系统与宣传不符,"D59,H134,M279,",2020-06-20,信息审核
486527,吉利汽车,星越,2019款 350T 耀星者,吉利星越行驶中方向跑偏 刹车盘异响,"E43,G117,",2020-06-20,信息审核
486523,广汽丰田,凯美瑞,2019款 2.5G 豪华版 国VI,广汽丰田凯美瑞制动时变速箱故障无法减速,"B115,",2020-06-20,信息审核
486521,一汽-大众,宝来,2019款 改款 280TSI DSG 精英型 国V,一汽大众宝来仪表盘罩开裂4S店不给保修,"H168,I297,",2020-06-20,信息审核
486520,长安汽车,长安CS75 PLUS,2020款 2.0T 自动 旗舰型,长安CS75 PLUS全景影像模糊 车机卡顿,"H134,M279,M283,",2020-06-20,处理反馈
486512,广汽本田,飞度,2014款 1.5L CVT SE时尚型,广汽本田飞度发动机异响希望厂家给与保修,"A9,I297,",2020-06-20,信息审核
486511,吉利汽车,星越,2019款 350T 耀星者,吉利星越车机与宣传不符出现死机黑屏,"H155,",2020-06-20,信息审核
486510,一汽-大众,迈腾,2017款 330TSI DSG 豪华型,一汽大众迈腾变速箱顿挫 厂家不回复,"B19,I294,",2020-06-20,信息审核
486504,长城汽车,哈弗H6 Coupe,2016款 1.5T 自动 两驱精英型,哈弗H6Coupe涡轮增压器损坏不解决问题,"A189,I295,",2020-06-20,信息审核
486501,一汽丰田,卡罗拉,2011款 1.6 自动 GL 纪念版,一汽丰田卡罗拉4S店更换非原厂车门拒不承认,"J303,N319,",2020-06-20,信息审核
486495,广汽三菱,欧蓝德,2019款 2.0L 两驱 畅享版 5座 国VI,三菱欧蓝德发动机抖动噪音大厂家不解决,"A24,B19,I295,I294,J300,L314,",2020-06-20,厂家受理
486494,华晨宝马,宝马X1,2013款 sDrive18i 2.0L 自动 领先型,华晨宝马X1车内异味严重4S店不予保修,"H185,I297,",2020-06-20,厂家受理
486489,上汽集团,荣威Ei5,2019款 智联旗舰版,上汽荣威Ei5充电慢且充电时自动断开,"H340,",2020-06-20,信息审核
486486,吉利汽车,帝豪GL,2019款 1.4T CVT 精英智享版,吉利帝豪GL中控台排挡杆异响4S店不处理,"H164,H93,I295,J298,",2020-06-20,信息审核
486485,长安汽车,逸动DT,2018款 1.6L 手动 舒享型,长安逸动DT发动机漏汽油希望厂家处理,"A53,H79,",2020-06-20,用户评分
486478,时风牌SSF3042DDP53,风驰1800,轻型自卸货车,时风风驰1800车架纵梁裂口4S店不给保修,"A37,A191,A222,G230,H101,H110,I297,J298,",2020-06-20,信息审核
486477,广汽菲克菲亚特,致悦,2014款 1.4T 自动 舒适型,广汽菲亚特致悦行驶中变速箱失去动力,"B334,B77,I297,",2020-06-20,信息审核
486474,长城汽车,风骏7,2019款 2.0T 柴油 两驱 精英型 国VI 大双 4D20M,长城风骏7发动机无法启动4S店不处理,"A44,I295,I297,",2020-06-20,信息审核
486473,东风悦达起亚,起亚K3,2019款 1.4T DCT GT-line智享运动版,东风锐达起亚K3底盘异响要求厂家解决,"G56,G180,",2020-06-20,信息审核
486471,东风日产,天籁,2020款 2.0L XL 舒适版,东风日产天籁车辆跑偏4S店多次维修敷衍了事,"G117,I295,J298,",2020-06-20,信息审核
486468,一汽-大众奥迪,奥迪Q5L,2018款 40 TFSI 荣享进取型 国V,一汽大众奥迪Q5L行驶中变速箱换挡顿挫,"B33,B19,I295,J298,",2020-06-20,信息审核
486466,吉利汽车,博越,2020款 1.8TD DCT 智慧PRO,吉利博越实车没有挡位指示灯与宣传不符,"M279,",2020-06-20,信息审核
486465,长安马自达,马自达3 昂克赛拉,2016款 2.0L 自动 旗舰型 三厢,长安马自达昂克赛拉中控屏幕四周多处开裂,"H168,I297,",2020-06-20,信息审核
486464,上汽斯柯达,明锐,2016款 TSI280 DSG 智行版,上汽斯柯达明锐变速箱故障4S店拒绝保修,"B96,B115,I297,",2020-06-20,信息审核
486463,吉利汽车,远景,2016款 1.5L 自动 幸福版,吉利远景变速箱损坏无法加速4S店不予保修,"B334,I297,",2020-06-20,信息审核
486462,吉利汽车,帝豪,2014款 1.3T CVT 精英型 两厢,吉利帝豪车身以及车门生锈腐蚀严重,"H79,",2020-06-20,信息审核
486460,一汽丰田,RAV4荣放,2020款 双擎 2.5L CVT 四驱 精英PLUS版,一汽丰田荣放RAV4车身B柱装饰板腐蚀,"H157,",2020-06-20,信息审核
486459,吉利汽车,远景,2016款 1.5L 自动 幸福版,吉利远景挂倒挡时不踩油门车辆无法移动,"B334,",2020-06-20,信息审核
486458,奇瑞捷豹路虎,发现神行,2017款 2.0T PURE,奇瑞捷豹路虎发现神行启动后发动机异响,"A9,",2020-06-20,处理反馈
486453,吉利汽车,星越,2019款 350T AWD 驭星者,吉利星越传动轴生锈半轴生锈,"H79,",2020-06-20,信息审核
486452,一汽丰田,卡罗拉,2019款 1.2T S-CVT GL-i精英版,一汽丰田卡罗拉新车右前叶子板有修复痕迹,"M284,",2020-06-20,信息审核
486451,江淮汽车,瑞风S4,2019款 1.6L CVT 梦想型,江淮瑞风S4中控仪表盘开裂4S店拒绝索赔,"H168,I297,",2020-06-20,信息审核
486449,东风标致,标致408,2015款 1.2T 自动 荣耀版,东风标致408更换正时皮带后发动机烧机油,"A63,",2020-06-20,信息审核
486447,上汽集团,荣威RX5 MAX,2019款 300TGI 自动 智能座舱旗舰版,上汽荣威RX5 MAX行驶中变速箱跳挡,"B27,",2020-06-20,信息审核
486446,东风标致,标致408,2014款 1.8L 自动 豪华版,东风标致408转弯时后桥严重异响,"G158,",2020-06-20,信息审核
486445,东风雷诺,科雷嘉,2019款 SCe200 自动 两驱 智悦型 周年版 国V,东风雷诺科雷嘉EASYLINK车联网服务改为收费,"L313,",2020-06-20,信息审核
486444,东风本田,本田XR-V,2020款 220 TURBO CVT 豪华版,东风本田XR-V行驶中底盘装甲突然掉落,"J299,J304,",2020-06-20,信息审核
486442,上汽大众,途观,2012款 1.4TSI 手动 两驱 都会版,上汽大众途观4S店用外采件充当原装配件,"N319,",2020-06-20,信息审核
486441,吉利汽车,缤越,2019款 260T DCT 骑士 国V,吉利缤越车机升级不兑现 出现死机,"H155,L314,",2020-06-20,信息审核
486433,广汽本田,皓影,2020款 锐·混动 2.0L 两驱 锐·豪华版,广汽本田皓影后视镜玻璃脱落厂家拒绝更换,"H211,",2020-06-20,信息审核
486432,长安汽车,长安UNI-T,2020款 1.5T 尊贵型,长安UNI-T主驾驶化妆灯与宣传不符,"Q350,",2020-06-20,信息审核
486431,吉利汽车,帝豪,2016款 1.5L 手动 向上版 三厢,吉利帝豪转向抖动异响 减震器漏油 车窗漏风,"D80,G25,H144,",2020-06-20,信息审核
486430,吉利汽车,缤越,2019款 260T DCT 骑士 国V,吉利缤越车机无法升级 车窗漏风 刹车异响,"E43,H144,L314,",2020-06-20,信息审核
486427,吉利汽车,远景,2020款 1.5L CVT 亚运版,吉利远景胎压监测系统疑似简配,"Q350,",2020-06-20,信息审核
486423,上汽大众,朗逸,2017款 1.6L 手动 舒适版,上汽大众朗逸半轴油封漏油要求免费更换,"G51,",2020-06-20,信息审核
486422,吉利汽车,嘉际,2019款 1.5TD MHEV DCT 臻享型,吉利嘉际车机系统版本低无法使用,"M279,",2020-06-20,信息审核
486421,长安汽车,逸动XT,2016款 1.6L GDI 自动 锐酷型 XT,长安逸动XT变速箱挂入P挡后卡死,"B184,",2020-06-20,处理反馈
486418,广汽丰田,丰田C-HR,2018款 2.0L 领先天窗版 国VI,广汽丰田C-HR邓禄普轮胎外侧出现裂纹,"F100,",2020-06-20,信息审核
486417,东风雪铁龙,爱丽舍,2018款 1.6L 手动 时尚型,东风雪铁龙爱丽舍刹车片异常磨损,"E47,",2020-06-20,信息审核
486416,北京现代,菲斯塔,2019款 280TGDi 运动版 国V,北京现代菲斯塔天窗异响 蓝牙断开,"H155,H89,",2020-06-20,信息审核
486414,一汽-大众,探岳,2019款 330TSI 两驱 豪华型 国Ⅵ,一汽大众探岳车灯不亮希望尽快处理,"H82,",2020-06-20,信息审核
486413,猎豹汽车,Mattu,2018款 1.6T GDI DCT 精英型,猎豹Mattu发动机故障变速箱无动力输出,"A34,B246,H170,",2020-06-20,信息审核
486411,广汽丰田,凯美瑞,2018款 2.5HG E-CVT 豪华版,广汽丰田凯美瑞机油增多无法解决,"A339,",2020-06-20,信息审核
486400,吉利汽车,星越,2019款 350T 暗夜骑士限量版,吉利星越车机与宣传不符出现死机现象,"H155,M279,",2020-06-20,信息审核
486396,一汽-大众,宝来,2014款 1.6L 自动 时尚型,一汽大众宝来车内进水4S店找不到原因,"H109,",2020-06-20,信息审核
486395,广汽本田,雅阁,2018款 260TURBO 豪华版 国V,广汽本田雅阁电子手刹异响需要尽快处理,"E43,E159,",2020-06-20,信息审核
486392,吉利汽车,缤越,2019款 260T DCT 骑士 国V,吉利缤越门窗漏风 车机版本老旧,"H144,L314,",2020-06-20,信息审核
486391,上汽通用五菱,五菱宏光,2019款 1.5L S 舒适型 国VI LAR,上汽通用五菱宏光行驶中突然熄火,"A14,",2020-06-20,信息审核
486386,东风雪铁龙,雪铁龙C4L,2014款 1.6THP 自动 智驱版 劲智型,东风雪铁龙C4L发动机正时链条套件故障,"A45,",2020-06-20,信息审核
486385,星途,星途LX,2019款 1.6T 星睿版,星途LX发动机与变速箱连接处漏油,"A12,B22,",2020-06-20,信息审核
486383,吉利汽车,缤越,2019款 260T DCT 骑士 国V,吉利缤越门窗漏风 车机版本老旧,"H144,L314,",2020-06-20,信息审核
486379,长安马自达,马自达3 昂克赛拉,2017款 2.0L 自动 旗舰型 三厢 国V,长安马自达昂克赛拉后视镜自动折叠功能失灵,"H211,",2020-06-20,信息审核
486378,野马汽车,野马T70,2016款 1.5T 手动 豪华型 升级版,野马T70倒车影像不显示黑屏厂家无配件,"H134,N318,",2020-06-20,信息审核
486377,广汽讴歌,讴歌CDX,2019款 1.5T 两驱 尊享版,广汽讴歌CDX变速箱顿挫车顶钢板太软,"B19,Q322,",2020-06-20,信息审核
486376,奇瑞汽车,艾瑞泽5,2017款 1.5L 手动 领潮版,奇瑞艾瑞泽5空调制冷效果差存在质量问题,"H101,",2020-06-20,处理反馈
486375,广汽本田,缤智,2020款 1.5L CVT 先锋版,广汽本田缤智优科豪马轮胎漏气售后不予质保,"F41,",2020-06-20,信息审核
486372,上汽通用五菱,新宝骏RS-5,2019款 1.5T CVT 智能驾控豪华版 国V,新宝骏RS-5玲珑轮胎龟裂 起皮严重,"F100,F186,",2020-06-20,信息审核
486368,东南汽车,东南DX3,2018款 1.5L 手动 尊贵型,东南DX3离合器异响4S店维修后未解决,"C65,",2020-06-20,信息审核
486361,东风悦达起亚,凯绅,2019款 1.8L 自动 GLS,东风悦达起亚凯绅后备箱盖生锈严重,"H79,",2020-06-20,信息审核
486353,吉利汽车,星越,2019款 350T 暗夜骑士限量版,吉利星越车机与宣传不符 中控台异响,"H93,M279,",2020-06-20,信息审核
486352,长安马自达,马自达3 昂克赛拉,2016款 1.5L 自动 豪华型 三厢,长安马自达昂克赛拉中控导航屏幕无故脱胶,"H134,H168,",2020-06-20,信息审核
486351,长安汽车,长安CS55 PLUS,2020款 1.5T 自动 炫色型,长安CS55 PLUS起步3100转换挡 悬挂异响,"B69,G204,",2020-06-20,处理反馈
486350,东风启辰,启辰D60,2019款 十万荣耀 1.6L Entry 手动 辰尚版 国VI,启辰D60后轮眉位置掉漆生锈存在质量问题,"H79,H81,",2020-06-20,信息审核
486349,吉利汽车,博越,2018款 1.8TD 自动 两驱 智联型 4G互联版,吉利博越刹车异响变速箱挂挡顿挫严重,"B19,E43,",2020-06-20,信息审核
486347,华晨宝马,宝马3系,2017款 320i M 运动型,宝马3系冷却液水管断裂发动机高温报警,"A37,A191,H168,",2020-06-20,信息审核
486342,吉利汽车,博越,2018款 1.8TD 自动 两驱 智联型 4G互联版,吉利博越手机APP无法控制车窗及定位,"H155,",2020-06-20,信息审核
486341,众泰汽车,众泰SR9,2017款 2.0T 自动 极致之梦版,众泰SR9行驶中变速箱异响挂挡无法行驶,"B33,B334,",2020-06-20,厂家受理
486339,上汽大众,朗逸,2019款 280TSI DSG 舒适版 国VI,上汽大众朗逸刹车异响 变速箱异响,"B33,E43,",2020-06-20,信息审核
486336,上汽大众,朗逸,2018款 280TSI DSG豪华版 两厢 国V,上汽大众朗逸轮毂氧化售后不予质保,"H243,",2020-06-20,信息审核
486335,一汽-大众,探岳,2019款 380TSI 四驱 R-Line 国VI,一汽大众探岳大灯亮度不够透镜上有指纹,"H82,H60,",2020-06-20,处理反馈
486332,沃尔沃亚太,沃尔沃S60新能源,2015款 2.0T 智越版 E驱混动,沃尔沃S60新能源召回后空调问题频发,"H101,",2020-06-20,信息审核
486329,一汽-大众,速腾,2019款 200TSI 手动 舒适型 国VI,一汽大众速腾一挡起步时转速自动升高,"A35,",2020-06-20,信息审核
486328,上汽集团,名爵HS,2019款 30T 自动 两驱 Trophy超燃版 国VI,上汽名爵HS发动机排放故障频发 动力消失,"A34,A255,B96,",2020-06-20,厂家受理
486327,吉利汽车,帝豪GS,2018款 1.4T 自动 领潮版 领尚智联型,吉利帝豪GS 4S店私自收回购车合同,"K309,L313,",2020-06-20,信息审核
486321,上汽大众,途观L,2017款 330TSI 两驱 豪华版,上汽大众途观L车身共振影响驾驶安全,"H268,",2020-06-20,信息审核
486318,广汽丰田,凯美瑞,2015款 2.0G 自动 领先版,广汽丰田凯美瑞左前半轴有漏油现象,"G51,",2020-06-20,信息审核
486314,奥迪（进口）,奥迪A1,2014款 30 TFSI Sportback 时尚型,进口奥迪A1变速箱机电单元故障引起故障灯亮,"B96,B84,",2020-06-20,信息审核
486312,Jeep（进口）,指南者（进口）,2014款 2.4L 自动 四驱 舒适版 改款,进口Jeep指南者隔音棉问题导致车内异味,"H185,",2020-06-20,信息审核
486311,一汽-大众,迈腾,2017款 330TSI DSG 豪华型,一汽大众迈腾行驶中变速箱报警 挡位缺失,"B19,B96,B84,",2020-06-20,处理反馈
486308,吉利汽车,嘉际,2019款 1.5TD MHEV DCT 尊享型,吉利嘉际尊享版和高配氛围灯虚假宣传,"M279,",2020-06-20,信息审核
486304,北汽新能源,北汽新能源EU5,2018款 EU5 R500 智尚版,北汽新能源EU5行驶时变速箱脱挡无法挂挡,"B20,B246,",2020-06-20,处理反馈
486302,猎豹汽车,猎豹CS10,2017款 2.0T 手动 风尚型,猎豹CS10转向时异响并且卡顿 刹车抖动,"D59,D123,E111,",2020-06-20,信息审核
486298,一汽-大众,速腾,2018款 280TSI DSG熠动版,一汽大众速腾顶棚鼓包 大灯进雾 刹车盘生锈,"E42,H168,H88,",2020-06-20,处理反馈
486297,广汽本田,雅阁,2005款 2.4 自动 标准版,广汽本田雅阁吊拉设计的前悬挂存在安全隐患,"Q322,",2020-06-20,信息审核
486296,北京奔驰,奔驰C级,2016款 200 L 运动型,北京奔驰C级空调系统无法调节温度影响使用,"H101,",2020-06-20,信息审核
486293,奇瑞汽车,艾瑞泽5,2016款 1.5L CVT 领臻版,奇瑞艾瑞泽5发动机生锈4S店不予解决,"A247,",2020-06-20,处理反馈
486288,吉利汽车,星越,2019款 改款 350T 驭星者AWD,吉利星越实车多项配置与厂家宣传不符	,"M279,",2020-06-20,信息审核
486287,长安马自达,马自达3 昂克赛拉,2020款 2.0L 自动 质雅版,长安马自达昂克赛拉新车车门出现下沉,"H149,",2020-06-20,信息审核
486286,吉利汽车,帝豪,2018款 1.5L 手动 豪华型,吉利帝豪发动机油耗高一直未解决,"A85,",2020-06-20,信息审核
486283,长安汽车,长安CS75 PLUS,2020款 1.5T 自动 豪华型,长安CS75 PLUS车载微信缺失与宣传不符,"M279,",2020-06-20,处理反馈
486280,东风悦达起亚,智跑,2018款 2.0L 自动 智享豪华版,东风悦达起亚智跑发动机盖漆面开裂脱落,"H81,",2020-06-20,信息审核
486279,广汽丰田,雷凌,2019款 185T CVT 运动版 国VI,广汽丰田雷凌变速箱换挡顿挫 转向异响,"B19,D59,",2020-06-20,信息审核
486277,上汽通用五菱,宝骏360,2018款 1.5L 手动 精英型 国V,宝骏360更换的挡风玻璃漏水漏风4S店不解决,"I295,J303,",2020-06-20,信息审核
486274,长安汽车,锐程CC,2020款 1.5T 自动 潮锐型,长安锐程CC行驶中突然熄火要求处理,"A14,",2020-06-20,处理反馈
486271,东风标致,标致408,2014款 1.8L 自动 豪华版,东风标致408发动机故障灯亮烧机油空调异响,"A34,A63,H101,",2020-06-20,信息审核
486270,广汽丰田,雷凌,2017款 185T CVT 精英版 国V 改款,广汽丰田雷凌后减震器出现漏油的现象,"G25,",2020-06-20,信息审核
486268,长安马自达,马自达3 昂克赛拉,2020款 2.0L 自动 质雅版,长安马自达昂克赛拉方向盘锁死故障灯亮,"D123,D265,D291,",2020-06-20,信息审核
486267,一汽红旗,红旗HS7,2019款 3.0T 自动 四驱 旗悦版,红旗HS7换挡机构故障导致P挡挂不上,"B184,",2020-06-20,信息审核
486266,一汽-大众,速腾,2019款 280TSI DSG 舒适型 国VI,一汽大众速腾升降挡时变速箱异响严重,"B33,",2020-06-20,处理反馈
486262,广汽三菱,劲炫ASX,2018款 2.0L CVT 两驱 智橙版,广汽三菱劲炫触摸屏死机厂家未回复,"H134,",2020-06-20,厂家受理
486261,比亚迪,比亚迪e2,2019款 400出行版,比亚迪e2下雨天前挡风玻璃上的雾气无法吹干,"H101,",2020-06-20,处理反馈
486260,上汽大众,凌渡,2017款 230TSI 手动 风尚版,上汽大众凌渡一键升降失灵销售不管售后问题,"H67,I295,",2020-06-20,信息审核
486257,江铃汽车,域虎3,2018款 2.5T 四驱 进取版 长轴距 柴油,江铃域虎3底盘异响 SVS故障灯亮,"A34,G56,",2020-06-20,信息审核
486255,东风日产,骐达TIIDA,2020款 1.6L CVT 智行版,东风日产骐达减震器漏油售后服务态度差,"G25,I293,",2020-06-20,处理反馈
486254,上汽大众,朗逸,2019款 1.5L 自动 舒适版 国VI,上汽大众朗逸发动机存在金属撞击声,"A9,",2020-06-20,信息审核
486252,上汽集团,名爵6,2019款 20T 自动 运动版,上汽名爵6保养后异响且存在汽油味,"A9,J300,",2020-06-20,厂家受理
486251,一汽-大众,宝来,2019款 1.5L 手动 舒适型,一汽大众宝来发动机故障灯亮 离合器异响,"A34,C65,",2020-06-20,用户评分
486250,吉利汽车,缤瑞,2019款 200T DCT 缤驰版,吉利缤瑞变速箱油封损坏导致漏油,"B22,",2020-06-20,信息审核
486249,吉利汽车,缤越,2019款 运动款 260T DCT Battle 国VI 运动款,吉利缤越厂家涉嫌欺诈不予升级车机系统,"E43,H168,L314,M284,",2020-06-20,信息审核
486248,广汽丰田,凯美瑞,2018款 2.0G 自动 豪华版,广汽丰田凯美瑞正常行驶中天窗异响,"H89,",2020-06-20,信息审核
486246,北京现代,领动,2016款 1.6L 自动 智炫·精英型,北京现代领动转向异响并且明显卡顿,"D59,D123,",2020-06-20,信息审核
486244,一汽-大众,探岳,2019款 330TSI 两驱 豪华型 国Ⅵ,一汽大众探岳大灯透镜出现白雾水珠亮度不够,"H82,",2020-06-20,信息审核
486242,一汽-大众,探岳,2019款 征途版 280TSI 两驱 豪华型 国Ⅵ,一汽大众探岳大灯白内障模糊不清存在隐患,"H82,",2020-06-19,处理反馈
486241,上汽大众,途观L,2018款 330TSI 自动 两驱 豪华版,上汽大众途观L左后轮偏磨吃胎 四缸漏油,"A12,G245,",2020-06-19,信息审核
486240,长安马自达,马自达3 昂克赛拉,2016款 1.5L 自动 舒适型 三厢,长安马自达昂克赛拉行驶过程中空调不制冷,"H101,",2020-06-19,信息审核
486239,吉利汽车,缤越,2019款 260T DCT Battle 运动款 国V,吉利缤越导航无法定位 倒车镜风噪大,"H155,H211,L314,",2020-06-19,信息审核
486237,东风本田,本田CR-V,2017款 240TURBO 自动 两驱 都市版,东风本田CR-V变速箱渗油希望尽快解决,"B22,",2020-06-19,用户评分
486235,吉利汽车,博瑞,2020款 1.5T MHEV 耀享版,吉利博瑞旧车置换补贴款承诺不兑现,"L313,",2020-06-19,信息审核
486234,吉利汽车,博越,2020款 1.8TD DCT 智尊PRO,吉利博越原地打方向异响 无挡位灯及雾灯,"D59,M279,",2020-06-19,信息审核
486233,一汽-大众,迈腾,2019款 330TSI DSG 领先型 国V,一汽大众迈腾低速加速时变速箱存在口哨声,"B33,",2020-06-19,信息审核
486232,观致汽车,观致5,2018款 1.6T 自动 尊贵型,观致5换挡逻辑混乱且变速箱脱挡,"B246,B69,",2020-06-19,信息审核
486227,一汽-大众,高尔夫·嘉旅,2016款 1.6L 自动 舒适型,一汽大众高尔夫嘉旅变速箱故障灯亮,"B96,",2020-06-19,处理反馈
486224,北京奔驰,奔驰C级,2020款 C 260 运动版,北京奔驰C级韩泰轮胎容易鼓包破损,"F39,",2020-06-19,信息审核
486222,一汽-大众奥迪,奥迪Q2L,2020款 35TFSI 时尚动感型,一汽大众奥迪Q2L变速箱异响要求解决,"B33,",2020-06-19,信息审核
486221,上汽大众,朗逸,2013款 1.6L 自动 经典风尚版,上汽大众朗逸车内异味严重无法解决,"H185,",2020-06-19,信息审核
486220,一汽-大众,探岳,2020款 330TSI 两驱 豪华智联版Pro,一汽大众探岳车灯进水干燥后有水印,"H88,",2020-06-19,处理反馈
486218,Jeep（进口）,指南者（进口）,2014款 2.0L 自动 两驱 运动版,进口Jeep指南者车内异味严重无法散去,"H185,",2020-06-19,信息审核
486215,广汽本田,皓影,2020款 240TURBO CVT 两驱 豪华版,广汽本田皓影销售承诺不兑现 不给合同	,"I293,L313,O353,",2020-06-19,信息审核
486214,东风雪铁龙,雪铁龙C4L,2014款 1.6THP 自动 智驱版 劲智型,东风雪铁龙C4L发动机漏油 漏防冻液,"A12,A37,",2020-06-19,信息审核
486213,领克汽车,领克03,2019款 2.0TD 自动 劲Pro版,领克03故障灯亮 4S店错误判断维修,"A34,J303,",2020-06-19,信息审核
486208,路虎进口,揽胜星脉,2019款 250PS R-DYNAMIC S,路虎揽胜星脉颠簸路车内低频共鸣压耳,"H268,",2020-06-19,处理反馈
486206,吉利汽车,星越,2020款 350T 驭星者AWD,吉利星越车机系统存在虚假宣传 空调异味,"H121,M279,",2020-06-19,信息审核
486200,一汽-大众,宝来,2019款 1.5L 自动 舒适型,一汽大众宝来行驶中有晃动跳动现象,"G162,",2020-06-19,处理反馈
486194,一汽-大众,速腾,2014款 1.4TSI 自动 时尚型,一汽大众速腾前挡风玻璃自然开裂,"H113,",2020-06-19,信息审核
486191,广汽本田,缤智,2020款 1.5L CVT 先锋版,广汽本田缤智油箱口附近漆面脱落,"H81,",2020-06-19,信息审核
486190,吉利汽车,缤越,2019款 260T DCT 骑士 国V,吉利缤越4S店喷漆质量差导致起泡,"J303,",2020-06-19,信息审核
486188,东风雪铁龙,世嘉,2011款 1.6 自动 时尚型 三厢,东风雪铁龙世嘉3挡锁死提示变速箱故障,"B96,B84,",2020-06-19,信息审核
486187,东风标致,标致408,2016款 1.6T 自动 豪华版,东风标致408四个轮毂不同程度氧化,"H243,",2020-06-19,信息审核
486186,上汽大众,朗逸,2019款 280TSI DSG 舒适版 国VI,上汽大众朗逸前挡风玻璃无故开裂,"H113,",2020-06-19,信息审核
486185,一汽-大众,探岳,2019款 330TSI 两驱 豪华型 国V,一汽大众探岳大灯里面有雾气不予解决,"H88,",2020-06-19,处理反馈
486184,广汽本田,雅阁,2018款 260TURBO 精英版 国V,广汽本田雅阁机油增多超过标尺上限,"A339,",2020-06-19,信息审核
486183,华晨宝马,宝马5系,2014款 528Li 领先型,华晨宝马5系左前大灯脱皮影响驾驶,"H220,",2020-06-19,信息审核
486182,东风乘用车,风神AX7,2019款 1.6T 自动 AI领航型 国V,东风风神AX7转向异响 开关车门异响,"D59,H72,",2020-06-19,处理反馈
486181,新特汽车,SITECH DEV 1,2018款 创睿版,新特SITECH DEV 1无法启动4S店无配件更换,"N318,",2020-06-19,信息审核
486178,东风乘用车,风神AX7,2018款 1.6T 自动 豪华型,东风风神AX7踩油门加速时发动机无动力,"A163,",2020-06-19,处理反馈
486177,一汽丰田,威驰FS,2017款 1.5L CVT 锋驰版,一汽丰田威驰FS正副驾车门有断裂现象,"H168,",2020-06-19,信息审核
486176,吉利汽车,星越,2019款 350T 耀星者,吉利星越车机卡顿 转向时存在异响,"D59,M279,",2020-06-19,信息审核
486170,广汽本田,飞度,2016款 1.5L LX CVT 舒适型,广汽本田飞度启动后存在打齿声音,"A9,",2020-06-19,信息审核
486166,吉利汽车,经典帝豪,2013款 1.5L 手动 进取型 三厢,吉利经典帝豪车身生锈 行驶时变速箱异响,"B33,H79,H220,",2020-06-19,信息审核
486165,长安汽车,长安CS75 PLUS,2020款 1.5T 自动 尊贵型,长安CS75 PLUS导航定位不准确发生偏移,"H21,",2020-06-19,处理反馈
486163,吉利汽车,星越,2019款 300T 耀星者,吉利星越方向左偏 车机黑屏并且死机,"G117,H155,M279,",2020-06-19,信息审核
486162,广汽丰田,汉兰达,2018款 2.0T 四驱 骑士版 7座 国VI,广汽丰田汉兰达升级的多媒体系统与宣传不符,"M279,",2020-06-19,信息审核
486154,奔驰（进口）,奔驰GLE,2018款 GLE 400 4MATIC 臻藏版,进口奔驰GLE车内异味希望厂家处理问题,"H185,",2020-06-19,信息审核
486151,长安汽车,长安CS75 PLUS,2020款 2.0T 自动 领航型,长安CS75 PLUS车载微信功能与宣传不符,"M279,",2020-06-19,处理反馈
486149,一汽-大众,探岳,2020款 330TSI 两驱 豪华智联版,一汽大众探岳变速箱异响燃油泵声音大,"B33,H78,",2020-06-19,处理反馈
486148,长安跨越,新豹T3,2018款 1.2L 舒适型 单排 后单轮 标准货箱,长安跨越新豹T3配件质量差要求退换车,"N317,",2020-06-19,处理反馈
486146,上汽大众,朗逸,2017款 1.6L 自动 舒适版,上汽大众朗逸刹车时前轮位置存在异响,"E43,",2020-06-19,信息审核
486145,比亚迪,比亚迪S7,2015款 2.0T 自动 豪华型,比亚迪S7换挡困难 变速箱抖动 模块压力不够,"B20,B95,B115,",2020-06-19,用户评分
486144,吉利汽车,博越,2020款 1.8TD DCT 智尊PRO,吉利博越挡位指示灯与厂家宣传不符,"M279,",2020-06-19,信息审核
486143,上汽集团,名爵6,2017款 20T 自动 Trophy尊享互联网版 国V,上汽名爵6电瓶亏电希望尽快处理,"H146,",2020-06-19,厂家受理
486142,沃尔沃亚太,沃尔沃S60,2017款 2.0T T4 智远版,亚太沃尔沃S60高压油泵故障导致故障灯亮,"A34,H78,",2020-06-19,信息审核
486140,吉利汽车,博越,2016款 1.8TD 自动 两驱 智慧型,吉利博越四个轮毂发生不同程度氧化,"H243,",2020-06-19,信息审核
486136,东风日产,楼兰,2015款 2.5L 两驱 智尚版 XL,东风日产楼兰变速箱压力控制阀故障,"B84,",2020-06-19,处理反馈
486135,上汽大众,途安,2018款 途安L 280TSI DSG 舒适版 7座 国VI,上汽大众途安启停失灵自动驻车失灵故障灯亮,"E159,H170,",2020-06-19,信息审核
486133,上汽通用五菱,宝骏E100,2019款 250KM 智行版,宝骏E100车身掉漆 偶尔无法换挡,"B20,H81,",2020-06-19,厂家受理
486131,长安马自达,马自达3 昂克赛拉,2016款 1.5L 自动 豪华型 三厢,长安马自达昂克赛拉中控屏大面积开裂,"H134,H168,",2020-06-19,信息审核
486128,一汽-大众奥迪,奥迪Q5,2016款 40 TFSI 进取型,一汽大众奥迪Q5车内异味召回后依然很大,"H185,Q323,",2020-06-19,信息审核
486127,吉利汽车,帝豪,2017款 1.5L 手动 向上互联版 三厢 百万款,吉利帝豪打方向盘时有异响一直未解决,"D59,",2020-06-19,信息审核
486125,一汽-大众,探岳,2019款 330TSI 两驱 豪华型 国Ⅵ,一汽大众探岳中控死机 赠送保养承诺不兑现,"H134,I295,L313,N317,",2020-06-19,处理反馈
486122,一汽-大众,宝来,2019款 改款 1.5L 手动 舒适型 国VI,一汽大众宝来天窗密封条损坏希望保修,"H48,",2020-06-19,处理反馈
486117,捷豹,捷豹F-PACE,2019款 2.0T 四驱 都市尊享版,捷豹F-PACE经销商销售维修过的问题车,"M284,",2020-06-19,用户评分
486115,一汽-大众奥迪,奥迪Q5,2010款 2.0TFSI  双离合 舒适型,一汽大众奥迪Q5变速箱功能失效无法挂挡,"B20,B96,",2020-06-19,信息审核
486113,一汽马自达,睿翼,2011款 2.0 自动 精英版,一汽马自达睿翼仪表台开裂发粘厂家未回复,"H176,",2020-06-19,信息审核
486112,广汽三菱,欧蓝德,2016款 2.4L 四驱精英版 5座,广汽三菱欧蓝德座椅生锈行驶时方向跑偏,"G117,H79,",2020-06-19,厂家受理
486109,众泰汽车,众泰T700,2017款 1.8T 双离合 尊贵型 贺岁版,众泰T700打方向沉重厂家无配件提供,"D156,D57,N318,",2020-06-19,厂家受理
486106,北京奔驰,奔驰C级,2015款 200 L 运动型,北京奔驰C级4S店更换发动机未变更登记信息,"J299,",2020-06-19,信息审核
486105,北汽昌河,昌河Q35,2016款 1.5L 自动 炫酷版,北汽昌河Q35仪表显示安全气囊故障灯亮,"H103,",2020-06-19,信息审核
486101,东风标致,标致408,2015款 1.2T 自动 豪华版,东风标致408发动机故障灯报警希望处理,"A34,",2020-06-19,信息审核
486095,众泰汽车,众泰T700,2017款 1.8T 双离合 尊贵型,众泰T700门把手损坏前轴承损坏右后胎压失灵,"G125,H203,H233,",2020-06-19,厂家受理
486092,北京现代,途胜,2015款 1.6T   双离合 两驱 智能型,北京现代途胜发动机烧机油希望尽快解决,"A63,",2020-06-19,信息审核
486089,东风雪铁龙,雪铁龙C6,2017款 380THP 尊贵型,东风雪铁龙C6 SOS灯常亮要求质保维修,"H170,",2020-06-19,处理反馈
486085,上汽斯柯达,昊锐,2012款 1.8TSI 自动 优雅版,斯柯达昊锐车内异味越来越严重影响健康,"H185,",2020-06-19,信息审核
486084,东风启辰,晨风,2014款 6.6KW 纯电动  领风版,启辰晨风动力电池衰减30%导致续航里程不足,"H343,",2020-06-19,信息审核
486083,领克汽车,领克01,2017款 2.0T 自动 两驱 型 Pro,领克01低速加速发动机异响 4S店无法解决,"A9,I295,",2020-06-19,处理反馈
486080,吉利汽车,嘉际,2019款 1.5TD MHEV DCT 臻享型,吉利嘉际连接蓝牙通话无声音 导航不予升级,"H21,H155,L313,",2020-06-19,处理反馈
486079,长安马自达,马自达3 昂克赛拉,2016款 2.0L 自动 旗舰型 三厢,长安马自达昂克赛拉中控屏脱胶开裂影响使用,"H134,",2020-06-19,处理反馈
486077,吉利汽车,远景,2018款 1.5L 自动 尊贵型,吉利远景经销商丢失钥匙和车辆合格证,"O353,O354,",2020-06-19,处理反馈
486071,上汽集团,名爵ZS,2017款 1.5L 手动 豪华版,上汽名爵ZS变速箱换挡顿挫 刹车片偏磨,"B19,E47,",2020-06-19,厂家受理
486068,广汽本田,雅阁,2016款 2.0L CVT  舒适版,广汽本田雅阁日间行车灯灯带有一半不亮,"H82,",2020-06-19,信息审核
486066,福特（进口）,探险者（进口）,2016款 2.3T 精英版,进口福特探险者刹车片脱落要求厂家解决,"E270,",2020-06-19,厂家受理
486065,广汽本田,雅阁,2016款 2.0L CVT  舒适版,广汽本田雅阁发动机故障灯亮希望解决,"A34,",2020-06-19,信息审核
486063,长安标致雪铁龙DS,DS5,2014款 1.6T 雅致版THP160,长安标致雪铁龙DS5冷车启动时发动机异响,"A9,",2020-06-19,信息审核
486062,吉利汽车,帝豪,2017款 1.5L 手动 向上版 三厢 百万款,吉利帝豪转向时存在异响要求厂家处理,"D59,",2020-06-19,处理反馈
486061,北京现代,朗动,2013款 1.6L 自动 尊贵型,北京现代朗动变速箱降挡顿挫一直未解决,"B19,I295,",2020-06-19,信息审核
486058,上汽集团,荣威RX5 MAX,2019款 400TGI 自动 智能座舱旗舰版,上汽荣威RX5 MAX怠速时发动机抖动,"A24,H211,",2020-06-19,信息审核
486057,众泰汽车,众泰T600,2014款 1.5T 手动 精英型,众泰T600节气门漏气导致行驶中加速无力,"A251,",2020-06-19,厂家受理
486056,一汽-大众奥迪,奥迪Q3,2018款 30 TFSI 时尚型典藏版,一汽大众奥迪Q3发动机高压油泵异响,"A9,",2020-06-19,信息审核
486051,大众（进口）,高尔夫（进口）,2011款 1.4TSI DSG Cross Golf,进口大众高尔夫水泵故障水温过高且无报警,"A191,A221,",2020-06-19,信息审核
486049,一汽-大众,速腾,2018款 280TSI DSG熠动版,一汽大众速腾方向盘磨损脱皮存在质量问题,"H157,",2020-06-19,用户评分
486048,吉利汽车,星越,2019款 350T 耀星者,吉利星越车机死机要求厂家更换硬件,"H155,M279,",2020-06-19,处理反馈
486047,江淮汽车,瑞风M3,2019款 宜家版 1.8L 豪华 智能型,江淮瑞风M3行驶时跑偏轮胎异常磨损,"G245,G117,I295,",2020-06-19,处理反馈
486044,吉利汽车,星越,2019款 350T 耀星者,吉利星越4S店销售人员故意隐瞒厂家增购补贴,"L313,",2020-06-19,用户评分
486040,长城汽车,哈弗H5,2016款 2.0T 四驱精英型 经典版,哈弗H5发动机怠速不稳 涡轮增压器漏油,"A163,A35,A189,",2020-06-19,用户评分
486039,奇瑞汽车,艾瑞泽5,2017款 1.5L 手动 时尚版,奇瑞艾瑞泽5空调漏氟 车载互联无网络,"H146,H155,",2020-06-19,处理反馈
486038,广汽丰田,凯美瑞,2019款 2.0G 豪华版 国VI,广汽丰田凯美瑞喷漆不匀且有生锈现象,"H79,H81,",2020-06-19,信息审核
486037,一汽-大众,速腾,2019款 200TSI DSG 舒适型 国VI,一汽大众速腾升降挡时变速箱异响,"B33,",2020-06-19,处理反馈
486034,上汽大众,途观L,2017款 330TSI 两驱 旗舰版,大众途观L行驶中提示变速箱进入紧急状态,"B96,B84,B77,",2020-06-19,信息审核
486031,广汽本田,雅阁,2018款 260TURBO 精英版 国VI,广汽本田雅阁座椅调节支撑锈蚀掉渣,"H79,",2020-06-19,信息审核
486030,猎豹汽车,Mattu,2018款 1.6T GDI DCT 尊贵型,猎豹Mattu变速箱无动力输出无法正常行驶,"B334,",2020-06-19,信息审核
486029,上汽大众,朗逸,2019款 朗逸启航 1.5L 手动 舒适版 国VI,上汽大众朗逸刹车异响4S店告知正常,"E43,",2020-06-19,信息审核
486027,一汽-大众,速腾,2018款 280TSI DSG熠动版,一汽大众速腾发动机异响 刹车踏板震动,"A9,D80,E111,",2020-06-19,处理反馈
486026,广汽丰田,凯美瑞,2009款 200G 自动 豪华版,广汽丰田凯美瑞中控仪表台腐蚀氧化掉皮,"H176,",2020-06-19,信息审核
486025,吉利汽车,嘉际,2019款 1.5TD MHEV DCT 尊享型,吉利嘉际氛围灯与宣传不符希望厂家处理,"M279,",2020-06-19,用户评分
486022,上汽通用五菱,宝骏310W,2017款 1.5L 手动 舒适型 国V,宝骏310W车辆自燃要求尽快处理问题,"H40,",2020-06-19,处理反馈
486017,东风标致,标致4008,2017款 380THP 豪华GT版,东风标致4008承诺不兑现升级车机后音响无声,"H134,L314,",2020-06-19,处理反馈
486016,一汽大众,捷达VS5,2019款 280TSI 自动 悦享型,捷达VS5前雨刮器导水槽漏水存在质量问题,"H109,",2020-06-19,信息审核
486013,一汽-大众,高尔夫,2018款 230TSI 自动 舒适型,一汽大众高尔夫发动机运转时高压油泵异响,"A9,",2020-06-19,处理反馈
486009,东风日产,逍客,2016款 2.0L CVT 精英版,东风日产逍客变速箱阀体故障无法加速,"B334,B84,",2020-06-19,处理反馈
486008,一汽-大众,宝来,2019款 1.5L 自动 时尚型,一汽大众宝来大灯进水胎压误报自动驻车故障,"H88,H170,H203,",2020-06-19,处理反馈
486002,广汽本田,雅阁,2018款 260TURBO 旗舰版 国V,广汽本田雅阁胎压监测误报警 车身异响,"H15,H155,H203,",2020-06-19,信息审核
486001,昌河铃木,北斗星X5,2015款 1.4L 巡航版,昌河铃木北斗星X5油表不准 转向时有异响,"D59,H93,H68,H202,H197,",2020-06-19,信息审核
485995,广汽本田,飞度,2016款 1.5L LX CVT 舒适型,广汽本田飞度发动机冷车启动异响要求解决,"A9,",2020-06-19,信息审核
485994,一汽-大众,速腾,2013款 2.0TSI GLI,一汽大众速腾发动机和变速箱漏油,"A12,B22,",2020-06-19,处理反馈
485988,众泰汽车,众泰Z500,2015款 1.5T 手动 尊贵型,众泰Z500质保期内出现的质量问题不予索赔,"I297,",2020-06-19,处理反馈
485987,众泰汽车,众泰SR9,2017款 2.0T 自动 极致之梦版,众泰SR9变速箱多次损坏要求退车,"B96,",2020-06-19,处理反馈
485980,奇瑞捷豹路虎,揽胜极光,2020款 249PS R-DYNAMIC SE 运动科技版,奇瑞捷豹路虎揽胜极光减震器中控台转向异响,"D59,G52,H93,",2020-06-19,处理反馈
485979,长安马自达,马自达3 昂克赛拉,2020款 2.0L 自动 质雅版,长安马自达昂克赛拉中网镀铬装饰条腐蚀掉漆,"H81,H168,",2020-06-19,用户评分
485976,长安马自达,马自达3 昂克赛拉,2016款 1.5L 自动 豪华型 三厢,长安马自达昂克赛拉中控屏幕有开裂现象,"H134,",2020-06-19,处理反馈
485972,吉利汽车,星越,2019款 改款 350T 耀星者,吉利星越车机死机与厂家未回复处理,"H155,I294,M279,",2020-06-19,处理反馈
485970,北京奔驰,奔驰C级,2020款 C 260 运动版,北京奔驰C级无钥匙进入失灵希望厂家处理,"H119,",2020-06-19,信息审核
485968,奇瑞瑞麒,瑞麒G6,2011款 2.0T 自动 豪华型,瑞麒G6高速行驶时变速箱油管爆裂,"B22,G56,N318,",2020-06-19,用户评分
485966,东风本田,本田CR-V,2019款 240TURBO CVT 两驱 舒适版 国V,东风本田CR-V经销商违规收取续保押金,"K307,",2020-06-19,处理反馈
485965,北京现代,领动,2019款 1.5L CVT 智炫·精英型,北京现代领动减震器无配件承诺解决未兑现,"I294,L314,N318,N320,",2020-06-19,信息审核
485959,广汽丰田,丰田C-HR,2020款 2.0L 领先版,广汽丰田C-HR未给发票导致无法上牌,"O353,",2020-06-19,信息审核
485956,猎豹汽车,猎豹CS10,2017款 2.0T 手动 卓越型,猎豹CS10天窗异响不断 刹车疲软,"E269,H89,",2020-06-19,信息审核
485954,东风本田,本田XR-V,2015款 1.8L EXi CVT 舒适版,东风本田XR-V购车至今车内一直存在异味,"H164,",2020-06-19,处理反馈
485953,一汽-大众,速腾,2018款 280TSI DSG熠动版,一汽大众速腾韩泰轮胎开裂并且鼓包,"F100,F39,",2020-06-19,处理反馈
485951,吉利汽车,缤瑞,2018款 14T CVT 缤纷版,吉利缤瑞发动机转速过高厂家未解决问题,"A35,J301,",2020-06-19,信息审核
485950,一汽-大众奥迪,奥迪A6L,2020款 40 TFSI 豪华动感型,一汽大众奥迪A6L刹车抱死转向故障灯亮,"A34,D57,D291,E29,M284,",2020-06-19,信息审核
485947,吉利汽车,远景,2017款 1.5L 自动 幸福版,吉利远景行驶中动力消失存在质量问题,"B334,",2020-06-19,处理反馈
485946,一汽丰田,RAV4荣放,2020款 2.0L CVT 两驱 都市版,一汽丰田RAV4荣放发动机舱有泥浆车架生锈,"H79,Q322,",2020-06-19,信息审核
485945,东南汽车,东南DX7,2016款 1.5T 手动 凯旋版,东南DX7空调开冷风出热风车身异响,"H101,H15,",2020-06-19,信息审核
485943,北京现代,领动,2016款 1.6L 自动 智炫·精英型,北京现代领动转向异响沉重卡滞希望处理,"D59,D123,D156,",2020-06-19,信息审核
485942,上汽大众,途观L,2017款 330TSI 两驱 豪华版,上汽大众途观L天窗排水堵塞导致车内进水,"H90,",2020-06-19,信息审核
485940,北京现代,途胜,2018款 1.6T 双离合 两驱 15周年特别版,北京现代途胜行驶中发动机故障灯亮,"A34,",2020-06-19,信息审核
485937,一汽-大众奥迪,奥迪A4L,2015款 2.0T CVT 标准型,一汽大众奥迪A4L节温器渗水售后不予质保,"A37,",2020-06-19,信息审核
485933,华晨中华,中华H330,2013款 1.5L 自动 豪华型,华晨中华H330左后轮轮毂破损希望尽快处理,"H243,",2020-06-19,信息审核
485931,吉利汽车,嘉际,2019款 1.5TD MHEV DCT 臻享型,吉利嘉际前部摄像头有拆装痕迹4S店不处理,"H170,I295,L313,M279,O353,",2020-06-19,处理反馈
485930,上汽大众,途观L,2019款 改款 330TSI 自动 两驱 智动豪华版 国VI,上汽大众途观L变速箱异响 转向时车轮异响,"B33,G125,",2020-06-19,处理反馈
485929,吉利汽车,缤越,2019款 260T DCT Battle 运动款 国V,吉利缤越天窗密封条多处老化破损天窗漏水,"H90,H48,",2020-06-19,处理反馈
485926,吉利汽车,星越,2019款 350T 耀星者,吉利星越车机系统升级后依然死机黑屏,"O348,",2020-06-19,处理反馈
485925,华晨宝马,宝马3系,2017款 330Li M 运动型,华晨宝马3系冷却液水管爆裂发动机温度高,"A37,A191,",2020-06-19,信息审核
485923,上汽大众,朗逸,2017款 230TSI 双离合 舒适版,上汽大众朗逸变速箱跳挡 发动机空转,"B27,",2020-06-19,用户评分
485922,上汽集团,荣威Ei5,2019款 智联旗舰版,上汽荣威Ei5充电慢且充电时自动断开,"H340,",2020-06-19,用户评分
485920,东南汽车,东南DX3,2018款 1.5L 手动 尊贵型,东南DX3排气管共振异响严重无法解决,"H268,",2020-06-19,用户评分
485919,广汽丰田,YARiS L 致炫,2018款 1.5E CVT 冠军限量版,广汽丰田致炫空调风向调节开关故障,"H101,",2020-06-19,信息审核
485918,吉利汽车,博瑞,2015款 1.8T 旗舰型,吉利博瑞影音系统出现黑屏厂家不给保修,"H134,I297,",2020-06-19,用户评分
485917,一汽-大众,速腾,2019款 200TSI DSG 舒适型 国VI,一汽大众速腾上坡辅助系统故障导致溜车,"H170,",2020-06-19,处理反馈
485916,广汽本田,冠道,2017款 240TURBO CVT 两驱 尊享版,广汽本田冠道4S店维修使用旧件要求解决	,"N316,",2020-06-19,信息审核
485915,一汽-大众,探岳,2020款 330TSI 两驱 豪华智联版,一汽大众探岳前大灯透镜污损发白亮度下降,"H82,",2020-06-19,处理反馈
485909,一汽-大众,高尔夫·嘉旅,2016款 230TSI 手动 进取型,一汽大众高尔夫嘉旅天窗漏水希望厂家解决,"H90,",2020-06-19,处理反馈
485907,上汽集团,名爵6,2018款 20T 自动 尊享互联网版 国VI,上汽名爵6四轮定位后吃胎 服务态度差,"I293,J300,J303,",2020-06-19,厂家受理
485905,奇瑞汽车,捷途X70,2020款 1.5T 手动 悦行版 5座,捷途X70挂挡异响 减震异响 发动机转速不稳,"A163,A35,B33,B20,G52,",2020-06-19,处理反馈
485904,长安马自达,马自达3 昂克赛拉,2016款 1.5L 自动 豪华型 三厢,长安马自达昂克赛拉中控屏无故开胶,"H168,",2020-06-19,用户评分
485903,华晨宝马,宝马5系,2019款 530Li 领先型 M运动套装,华晨宝马5系新车变速箱漏油多次维修未解决,"B22,J298,",2020-06-19,信息审核
485902,吉利汽车,帝豪GL,2017款 1.8L 手动 精英型,吉利帝豪GL离合器无法复位无法挂挡行驶,"C267,",2020-06-19,用户评分
485899,北京奔驰,奔驰C级,2019款 C 180 L 时尚型运动版,北京奔驰C级冷却液提示温度高要求解决,"A191,",2020-06-19,信息审核
485897,吉利汽车,博越,2018款 1.8TD 自动 两驱 智联型 4G互联版,吉利博越经销商出售问题车价格不透明,"K308,M284,",2020-06-19,用户评分
485896,上汽通用五菱,宝骏310W,2017款 1.5L 手动 舒适型 国VI,宝骏310W发动机故障灯亮 熄火 大灯进水,"A339,A14,H88,",2020-06-19,处理反馈
485893,一汽-大众,探岳,2019款 330TSI 两驱 豪华型 国V,一汽大众探岳大灯发白 售后故意拖延,"H82,I282,",2020-06-18,处理反馈
485892,一汽-大众,探岳,2019款 330TSI 两驱 尊贵型 国V,一汽大众探岳大灯亮度严重不足影响安全,"H82,",2020-06-18,用户评分
485891,一汽-大众奥迪,奥迪A6L,2020款 45 TFSI 臻选致雅型,一汽大众奥迪A6L行驶时发动机抖动熄火,"A24,A14,",2020-06-18,信息审核
485890,长安马自达,马自达3 昂克赛拉,2016款 1.5L 自动 豪华型 三厢,长安马自达昂克赛拉中控显示屏脱胶开裂,"H134,",2020-06-18,用户评分
485883,吉利汽车,博越,2020款 1.8TD DCT 智领PRO,吉利博越挡杆处没有指示灯涉嫌虚假宣传,"M279,",2020-06-18,信息审核
485882,东风日产,逍客,2017款 2.0L CVT 精英版 国V,东风日产逍客车灯变暗行驶时变速箱顿挫,"B19,H82,",2020-06-18,处理反馈
485881,上汽集团,荣威350,2014款 1.5L 自动 迅达版 350S,上汽荣威350购车后车内一直有浓重的异味,"H185,",2020-06-18,处理反馈
485880,北京现代,途胜,2015款 1.6T   双离合 两驱 智能型,北京现代途胜空调压缩机频繁启停中控异响,"H101,H93,",2020-06-18,信息审核
485878,吉利汽车,嘉际,2019款 1.5TD MHEV DCT 尊享型,吉利嘉际转向机漏油备胎异常磨损车身异响,"D58,H72,H15,H157,",2020-06-18,处理反馈
485877,长安汽车,长安CS95,2017款 2.0T 两驱 智拓版,长安CS95踩刹车后异响声音大要求索赔,"E43,",2020-06-18,处理反馈
485875,北京奔驰,奔驰GLC,2018款 GLC 260 4MATIC 动感型 改款,北京奔驰GLC轮毂氧化起皮要求更换,"H243,",2020-06-18,信息审核
485872,广汽本田,雅阁,2015款 2.0L LXS 精英版,广汽本田雅阁变速箱异响高速行驶顿挫,"B33,B19,",2020-06-18,信息审核
485871,北京现代,领动,2016款 1.6L 自动 智炫·精英型,北京现代领动跑高速时岀现方向卡滞,"D123,",2020-06-18,信息审核
485865,吉利汽车,博越,2020款 1.8TD DCT 智领PRO,吉利博越行驶过程中变速箱明显顿挫,"B19,",2020-06-18,处理反馈
485863,东风标致,标致408,2016款 1.6T 自动 豪华版,东风标致408水泵损坏导致发动机异响,"A9,A221,",2020-06-18,用户评分
485862,长安马自达,马自达3 昂克赛拉,2020款 2.0L 自动 质雅版,马自达昂克赛拉行使中显示超音传感器故障,"B19,B95,H234,",2020-06-18,处理反馈
485854,北京奔驰,奔驰C级,2020款 改款 C 260 运动版,北京奔驰C级怠速不稳定变速箱换挡迟滞,"A35,B19,",2020-06-18,信息审核
485851,长安马自达,马自达3 昂克赛拉,2016款 1.5L 自动 舒适型 三厢,长安马自达昂克赛拉仪表盘掉漆座椅掉皮,"H168,H169,",2020-06-18,处理反馈
485843,东风日产,逍客,2017款 2.0L CVT 智享版 国V,东风日产逍客转向异响希望厂家处理,"D59,",2020-06-18,处理反馈
485830,吉利汽车,博瑞,2015款 1.8T 旗舰型,吉利博瑞方向盘卡死 助力系统故障,"A255,D123,D112,",2020-06-18,处理反馈
485828,长安汽车,长安UNI-T,2020款 1.5T 尊贵型,长安UNI-T车机没有反应音量自动增大,"H134,",2020-06-18,用户评分
485825,吉利汽车,帝豪GL,2018款 1.4T 自动 精英智联型,吉利帝豪GL中控台异响多次处理无效,"B19,H93,H89,",2020-06-18,用户评分
485823,广汽本田,缤智,2015款 1.5L CVT 两驱舒适型,广汽本田缤智冷车启动发动机异响,"A9,",2020-06-18,信息审核
485821,东风标致,标致5008,2017款 380THP 精英版 7座,东风标致5008方向盘与刹车行驶途中异响,"D59,E43,",2020-06-18,处理反馈
485819,一汽丰田,亚洲龙,2019款 双擎 2.5L XLE 尊贵版 国Ⅵ,一汽丰田亚洲龙天窗异响严重希望解决,"H89,",2020-06-18,信息审核
485817,东风本田,本田CR-V,2018款 1.5T CVT 两驱 舒适版,东风本田CR-V优科豪马轮胎开裂掉皮,"F100,F186,",2020-06-18,处理反馈
485812,上汽大众,Polo,2018款 1.5L 自动 安享型,上汽大众Polo车内异味严重无法忍受	,"H185,",2020-06-18,信息审核
485811,东风标致,标致508,2015款 1.8THP 自动 致臻版,东风标致508厂家召回进气歧管不合理,"Q323,",2020-06-18,处理反馈
485809,东风雪铁龙,雪铁龙C4L,2015款 1.8L 手动 领先版,东风雪铁龙C4L发动机烧机油希望处理,"A63,",2020-06-18,处理反馈
485805,东风雪铁龙,雪铁龙C4L,2014款 1.8L 手动 智驱版 劲智型,东风雪铁龙C4L汽油泵故障无法启动,"H78,",2020-06-18,用户评分
485802,一汽马自达,阿特兹,2020款 2.5L 蓝天尊崇版,一汽马自达阿特兹中控屏卡死行驶时B柱异响,"H134,H15,",2020-06-18,处理反馈
485800,一汽-大众奥迪,奥迪Q5,2012款 2.0TFSI  自动 舒适型,一汽大众奥迪Q5变速箱故障灯亮厂家不保修,"B96,I297,",2020-06-18,信息审核
485798,一汽马自达,马自达CX-4,2020款 2.5L 自动 四驱 蓝天激情版,一汽马自达CX-4高速行驶中突然熄火,"A14,A44,",2020-06-18,信息审核
485794,北京现代,途胜,2015款 1.6T   双离合 两驱 智能型,北京现代途胜加速时变速箱异响严重,"B33,",2020-06-18,信息审核
485793,东风本田,INSPIRE,2019款 锐·混动 2.0L 净雅版 国VI,东风本田INSPIRE悬挂部件锈蚀严重,"H79,",2020-06-18,处理反馈
485792,东风标致,标致408,2015款 1.2T 自动 豪华版,东风标致408空调压缩机漏油不制冷,"H101,",2020-06-18,处理反馈
485790,一汽丰田,RAV4荣放,2016款 2.0L CVT 两驱 风尚版 国V,一汽丰田RAV4荣放发动机漏油质量差,"A12,",2020-06-18,信息审核
485787,上汽斯柯达,柯迪亚克,2019款 TSI380 四驱 旗舰版 7座 国V,斯柯达柯迪亚克方向盘 刹车 油门全部失灵,"A174,D57,E29,",2020-06-18,信息审核
485785,长安马自达,马自达CX-5,2020款 2.0L 自动 两驱 智尊型,长安马自达CX-5安全带损伤希望厂家处理,"H118,",2020-06-18,处理反馈
485784,一汽-大众,迈腾,2017款 330TSI DSG 豪华型,一汽大众迈腾底盘异响希望尽快处理,"G56,",2020-06-18,处理反馈
485782,一汽马自达,阿特兹,2020款 2.0L 蓝天豪华版,一汽马自达阿特兹行驶过程中车内有异响,"H15,H89,",2020-06-18,用户评分
485781,一汽马自达,马自达CX-4,2020款 2.0L 自动 两驱 蓝天活力版,一汽马自达CX-4车身异响希望尽快处理,"H15,",2020-06-18,用户评分
485778,一汽-大众奥迪,奥迪A6L,2019款 40 TFSI 豪华动感型,一汽大众奥迪A6L行驶中变速箱内部螺丝断裂,"B77,",2020-06-18,信息审核
485776,吉利汽车,星越,2019款 350T 耀星者,吉利星越车机系统更新后卡顿 影像不清晰,"H134,H155,O348,",2020-06-18,用户评分
485773,吉利汽车,博越,2018款 1.8TD 自动 两驱 智尊型 4G互联版,吉利博越升级后Carplay消失4S店无升级包,"J300,O348,",2020-06-18,处理反馈
485771,吉利汽车,缤越,2019款 运动款 260T DCT Battle 国VI 运动款,吉利缤越中控异响 车机系统无法升级,"H93,L314,",2020-06-18,处理反馈
485770,一汽丰田,RAV4荣放,2019款 2.0L CVT 两驱 先锋版 国VI,一汽丰田RAV4荣放经销商不让报废车辆,"K325,",2020-06-18,信息审核
485768,上汽大众,朗逸,2017款 1.6L 手动 风尚版,上汽大众朗逸韩泰轮胎老化 排气管生锈,"F100,H30,",2020-06-18,信息审核
485767,东风风行,景逸X6,2017款 1.5T 手动 尊贵型 劲享系列,东风风行景逸X6方向偏右 安全气囊故障,"A24,D154,H103,",2020-06-18,处理反馈
485766,上汽通用五菱,五菱荣光小卡,2019款 1.5L 基本型 双排 L3C 国VI,上汽通用五菱荣光小卡漆面生锈掉漆,"H79,H81,",2020-06-18,处理反馈
485765,广汽本田,缤智,2017款 1.5L CVT 两驱 舒适型,广汽本田缤智低速踩油门抖动无动力输出,"B95,B334,",2020-06-18,信息审核
485759,北京现代,领动,2018款 1.6L 自动 15周年特别版,北京现代领动转向异响存在质量问题,"D59,",2020-06-18,信息审核
485756,一汽-大众,宝来,2017款 1.6L 手动 舒适型,一汽大众宝来后排座椅骨架严重生锈,"H79,",2020-06-18,处理反馈
485750,吉利汽车,嘉际,2019款 1.5TD MHEV DCT 耀享型,吉利嘉际备胎异常磨损 转向机漏油 内饰异响,"D58,H93,H68,H157,",2020-06-18,处理反馈
485749,北汽新能源,北汽新能源EU5,2018款 EU5 R500 智尚版,北汽新能源EU5喷漆质量差漆面鼓泡,"J303,",2020-06-18,用户评分
485748,一汽马自达,阿特兹,2020款 2.5L 蓝天运动版,一汽马自达阿特兹车身B柱中控和天窗异响,"H93,H15,H89,",2020-06-18,处理反馈
485747,吉利汽车,星越,2019款 改款 350T 耀星者,吉利星越氛围灯与宣传不符希望厂家处理问题,"M279,",2020-06-18,用户评分
485743,长安马自达,马自达3 昂克赛拉,2020款 2.0L 自动 质雅版,长安马自达昂克赛拉车门 顶棚 中控 刹车异响,"E43,H72,H93,H15,",2020-06-18,处理反馈
485742,上汽大众,朗逸,2019款 1.5L 自动 舒适版 国VI,上汽大众朗逸新车方向盘有破损的现象,"H168,",2020-06-18,信息审核
485740,上汽集团,名爵6,2018款 20T 自动 豪华智联版 国VI,上汽名爵6变速箱异响解决方案不认可,"B33,I295,I293,",2020-06-18,用户评分
485739,上汽通用五菱,五菱宏光,2014款 1.5L S 豪华型,上汽通用五菱宏光车门严重生锈要求处理,"H79,",2020-06-18,处理反馈
485737,一汽丰田,RAV4荣放,2020款 2.0L CVT 两驱 风尚版,一汽丰田RAV4荣放中控显示屏太大 像素太低,"H134,Q322,",2020-06-18,信息审核
485736,华晨中华,中华V3,2016款 1.5L 自动 智能型,华晨中华V3车门锁故障希望厂家处理,"H197,",2020-06-18,信息审核
485735,一汽马自达,阿特兹,2020款 2.0L 蓝天豪华版,一汽马自达阿特兹中控台异响 B柱异响,"H93,H15,",2020-06-18,用户评分
485733,吉利汽车,星越,2019款 350T 耀星者,吉利星越车机与宣传不符 销售人员不回信息,"I295,M279,",2020-06-18,用户评分
485732,奇瑞汽车,捷途X90,2019款 1.5T 自动 尊享型 6座 国V,奇瑞捷途X90导航无法更新 钥匙手环不索赔,"H21,H119,I295,I297,I294,",2020-06-18,处理反馈
485728,吉利汽车,星越,2019款 改款 300T 耀星者,吉利星越车机与厂商宣传不符要求升级,"M279,",2020-06-18,处理反馈
485725,吉利汽车,博越,2020款 1.8TD DCT 智尊PRO,吉利博越挡位灯和影音系统功能与宣传不符,"H134,M279,",2020-06-18,用户评分
485723,江淮汽车,嘉悦A5,2020款 1.5T CVT 超越型,江淮嘉悦A5发动机怠速转速高加速无力,"A163,A35,",2020-06-18,处理反馈
485722,长安马自达,马自达3 昂克赛拉,2020款 2.0L 自动 质雅版,长安马自达昂克赛拉转动方向盘时存在异响,"D59,",2020-06-18,处理反馈
485721,一汽马自达,马自达CX-4,2020款 2.0L 自动 两驱 蓝天活力版,一汽马自达CX-4车身多处异响厂家无法处理,"H15,I295,",2020-06-18,用户评分
485719,广汽菲克Jeep,大指挥官,2018款 2.0T 四驱 悦享版 国VI,广汽菲克Jeep大指挥官车辆减速时底盘异响,"G56,I295,J301,",2020-06-18,信息审核
485717,华晨宝马,宝马3系,2019款 320Li M运动曜夜版,华晨宝马3系后备箱处散发出刺鼻的异味,"H185,",2020-06-18,信息审核
485716,长城汽车,炮,2019款 2.0T 商用版 手动 两驱 精英型 长箱 GW4D20M 柴油,长城炮空调不制冷 售后维修无配件,"H101,N318,",2020-06-18,处理反馈
485715,东风本田,艾力绅,2016款 2.4L 豪华版,东风本田艾力绅导航系统漏电无法启动车辆,"H21,",2020-06-18,处理反馈
485714,一汽-大众,速腾,2015款 1.6L  自动 舒适型,一汽大众速腾轮速传感器故障希望解决,"H234,",2020-06-18,处理反馈
485713,上汽大众,朗逸,2013款 1.4TSI 手动 舒适版,上汽大众朗逸车内顶棚布脱落质量差,"H168,",2020-06-18,信息审核
485712,一汽马自达,阿特兹,2020款 2.0L 蓝天豪华版,一汽马自达阿特兹ABC柱和中控台异响,"H93,H15,",2020-06-18,用户评分
485711,江淮格尔发,K7,牵引车,江淮格尔发K7进气压力不够希望处理,"A24,A34,A163,",2020-06-18,信息审核
485706,吉利汽车,帝豪GS,2016款 1.3T 手动 领尚型 运动版,吉利帝豪GS离合器失效分离轴承漏油,"C267,C207,",2020-06-18,处理反馈
485704,吉利汽车,星越,2019款 350T 暗夜骑士限量版,吉利星越颠簸路段行驶时前悬架有异响,"G204,",2020-06-18,处理反馈
485701,长城汽车,哈弗M6,2019款 1.5T DCT 两驱 精英型 国V,长城哈弗M6行驶中变速箱停留在二挡不升挡,"B20,",2020-06-18,处理反馈
485698,东风日产,天籁,2019款 2.0L XL 舒适版,东风日产天籁低频共振噪音大油箱异响,"H268,H147,I295,I281,",2020-06-18,处理反馈
485697,吉利汽车,星越,2019款 350T 驭星者,吉利星越升级后车机依然无法下载第三方软件,"O348,",2020-06-18,处理反馈
485695,一汽马自达,阿特兹,2020款 2.5L 蓝天运动版,一汽马自达阿特兹B柱车身异响4S店无法解决,"H15,",2020-06-18,处理反馈
485694,吉利汽车,远景,2020款 1.5L 手动 亚运版,吉利远景缺少胎压及胎温数值显示功能,"Q350,",2020-06-18,用户评分
485693,华晨宝马,宝马5系,2020款 530Li 尊享型 M运动套装,华晨宝马5系后排娱乐pad无法正常使用,"H155,",2020-06-18,信息审核
485692,一汽马自达,阿特兹,2020款 2.5L 蓝天运动版,一汽马自达阿特兹中控台车身多处异响,"H93,H15,O326,",2020-06-18,处理反馈
485691,广汽丰田,雷凌,2019款 185T CVT 豪华版 国VI,广汽丰田雷凌胎压监测有时没有显示或乱码,"H203,",2020-06-18,信息审核
485689,吉利汽车,星越,2019款 350T 耀星者,吉利星越车机升级后卡顿死机要求更换硬件,"H155,O348,",2020-06-18,处理反馈
485687,奇瑞汽车,艾瑞泽GX,2019款 Pro 1.5T CVT 型色版 国VI,奇瑞艾瑞泽GX新车多处生锈要求厂家解决,"H79,",2020-06-18,处理反馈
485685,东风本田,INSPIRE,2019款 260TURBO 典雅版 国V,东风本田INSPIRE胎压监测故障4S店不处理,"H203,J301,",2020-06-18,处理反馈
485684,华晨中华,中华V7,2019款 300T 自动 豪华型 5座,华晨中华V7下雨天发动机无法熄火车内进水,"H109,H60,H110,H104,H71,H240,J298,J301,",2020-06-18,信息审核
485683,东风日产,天籁,2020款 2.0T XL Upper AD1 智享领航版,东风日产天籁发动机噪音大 油箱异响,"A38,H147,",2020-06-18,用户评分
485677,一汽-大众,速腾,2019款 280TSI DSG 豪华型 国VI,一汽大众速腾变速箱异响顿挫 左前轮异响,"B33,B19,G125,",2020-06-18,处理反馈
485676,广汽丰田,威兰达,2020款 2.0L CVT 两驱 豪华版,广汽丰田威兰达发动机抖动明显厂家不解决,"A24,I295,",2020-06-18,信息审核
485673,一汽马自达,马自达CX-4,2020款 2.0L 自动 两驱 蓝天活力版,一汽马自达CX-4车身B柱C柱异响严重,"H15,",2020-06-18,用户评分
485672,一汽-大众奥迪,奥迪Q3,2019款 35 TFSI 进取动感型,一汽大众奥迪Q3副驾驶线孔位置漏水,"H109,",2020-06-18,信息审核
485671,一汽-大众奥迪,奥迪A3,2020款 Sportback 35 TFSI 时尚型 国VI,一汽大众奥迪A3变速箱换档和颠簸路异响,"B33,",2020-06-18,信息审核
485669,大乘汽车,大乘E20,2019款 标准型,大乘汽车E20动力电池故障无配件维修,"H343,",2020-06-18,信息审核
485667,奇瑞汽车,艾瑞泽5,2017款 1.5L 手动 领潮版,奇瑞艾瑞泽5车身多处严重生锈存在质量问题,"H79,",2020-06-18,处理反馈
485664,云度新能源,云度π3,2018款 Pro 精英型,云度π3动力电池绝缘体漏电无售后处理,"H343,",2020-06-18,处理反馈
485663,北汽新能源,北汽新能源EU,2017款 EU260 乐途plus版,北汽新能源EU系列转向机卡顿 车轮异响,"D123,D265,G125,",2020-06-18,处理反馈
485660,北京汽车,绅宝X25,2015款 1.5L 手动 舒适型,北汽绅宝X25发动机无法启动4S店多次维修,"A44,I295,J298,J301,",2020-06-18,处理反馈
485655,一汽-大众,迈腾,2020款 330TSI DSG 领先型,一汽大众迈腾行驶过程中飞轮异响严重,"A9,",2020-06-18,处理反馈
485654,吉利汽车,博越,2018款 1.8TD 自动 两驱 智联型 4G互联版,吉利博越换挡顿挫 发动机抖动 刹车异响,"A24,B19,E43,H209,",2020-06-18,处理反馈
485652,吉利新能源,星越新能源,2019款 400T 驭星者 纯电动续航80KM,吉利星越新能源车机系统与宣传不符,"M279,",2020-06-18,处理反馈
485649,众泰汽车,众泰E200,2018款 飞鱼座,众泰E200行驶过程中失去动力存在安全隐患,"H343,",2020-06-18,信息审核
485648,吉利汽车,嘉际,2019款 1.5TD MHEV DCT 臻享型,吉利嘉际行车雷达故障4S店不保修让自费,"H170,I297,K307,",2020-06-18,用户评分
485646,长安马自达,马自达3 昂克赛拉,2016款 1.5L 自动 豪华型 三厢,长安马自达昂克赛拉中控屏有裂痕而且黑屏,"H134,",2020-06-18,用户评分
485644,广汽本田,缤智,2015款 1.8L CVT 两驱豪华型,广汽本田缤智一键启动故障导致启动困难,"A34,A44,",2020-06-18,信息审核
485637,一汽马自达,马自达CX-4,2020款 2.0L 自动 两驱 蓝天探索版,一汽马自达CX-4刹车方向盘与车门处异响,"D59,E43,H15,",2020-06-18,用户评分
485636,吉利汽车,博越,2020款 1.8TD DCT 智尊PRO,吉利博越变速箱无挡位灯存在安全问题,"M279,",2020-06-18,用户评分
485635,一汽马自达,阿特兹,2020款 2.5L 蓝天运动版,一汽马自达阿特兹B柱C柱后备箱异响,"H15,J298,",2020-06-18,处理反馈
485633,一汽马自达,马自达CX-4,2020款 2.0L 自动 两驱 蓝天活力版,一汽马自达CX-4车身AB柱和中控台异响,"H93,H15,",2020-06-18,处理反馈
485628,上汽集团,名爵3,2014款 1.5L 自动 精英版,上汽名爵3行驶中变速箱脱挡4S店无法解决,"B115,B246,I297,J298,J301,",2020-06-18,处理反馈
485627,长安汽车,悦翔V5,2012款 1.5L 手动 运动型 国IV,长安悦翔V5车身左右后翼子板生锈,"H79,",2020-06-18,处理反馈
485625,一汽马自达,阿特兹,2018款 2.5L 蓝天运动版 国V,一汽马自达阿特兹变速箱漏油维修后未解决,"B22,",2020-06-18,信息审核
485623,力帆汽车,迈威,2017款 1.8L 手动 精英型,力帆迈威方向不正底盘异响4S店联系不上,"D154,G56,H88,I295,O326,",2020-06-18,信息审核
485621,吉利汽车,星越,2019款 300T 耀星者,吉利星越车机系统黑屏死机一直未更新,"H155,M279,",2020-06-18,处理反馈
485619,一汽-大众,速腾,2019款 280TSI DSG 舒适型 国V,一汽大众速腾行驶中变速箱异响天窗无法关闭,"B33,H192,",2020-06-18,用户评分
485617,众泰汽车,众泰SR9,2017款 2.0T 自动 极致之梦版,众泰SR9变速箱挂入D挡后车辆无法行驶,"B334,I294,",2020-06-18,用户评分
485616,华晨宝马,宝马X3,2020款 xDrive28i M运动套装,华晨宝马X3空调不出风4S店出售库存车,"H101,I295,M283,",2020-06-18,信息审核
485611,吉利汽车,星越,2019款 350T 耀星者,吉利星越车机死机黑屏版本与宣传不符,"M279,",2020-06-18,处理反馈
485610,上汽大通,上汽MAXUS G50,2019款 1.5T 自动 精英版 国VI,上汽MAXUS G50转速自动升高厂家未回复,"A38,",2020-06-18,处理反馈
485609,吉利汽车,博越,2020款 1.8TD DCT 智尊PRO,吉利博越变速箱无挡位灯存在安全问题,"M279,",2020-06-18,处理反馈
485608,吉利汽车,博越,2020款 1.8TD DCT 智慧PRO,吉利博越新车没有前雾灯与厂家宣传不符,"M279,",2020-06-18,用户评分
485607,上汽通用五菱,五菱荣光小卡,2019款 1.5L 基本型 双排 L3C 国VI,"上汽通用五菱,荣光小卡车辆自燃厂家不处理","H40,I295,I297,",2020-06-18,处理反馈
485606,吉利汽车,博越,2020款 1.8TD DCT 两驱 智联型4G互联版,吉利博越新车漆面龟裂掉落厂家不给处理,"H81,I295,M283,",2020-06-18,处理反馈
485605,一汽马自达,马自达CX-4,2016款 2.0L 自动 两驱蓝天活力版,一汽马自达CX-4底盘出现严重生锈的现象,"H79,",2020-06-18,信息审核
485603,一汽马自达,阿特兹,2018款 2.5L 蓝天运动版 国V,一汽马自达阿特兹4S店维修质量差不处理,"J300,J303,",2020-06-18,信息审核
485599,吉利汽车,星越,2019款 350T 耀星者,吉利星越车机系统出现黑屏死机现象,"H155,",2020-06-18,处理反馈
485598,上汽斯柯达,速派,2013款 1.4T DSG 绅仕版,斯柯达速派发动机烧机油 故障灯亮,"A34,A63,",2020-06-18,信息审核
485595,一汽吉林,森雅R7,2016款 1.6L 手动 智能型,一汽吉林森雅R7转向卡顿不回正 前轮吃胎,"D123,D154,G245,",2020-06-18,信息审核
485591,上汽斯柯达,柯迪亚克,2019款 TSI330 两驱 豪华优享版 7座 国VI,斯柯达柯迪亚克电子锁故障无法启动,"H197,",2020-06-18,信息审核
485590,吉利汽车,博越,2020款 1.8TD DCT 智慧PRO,吉利博越后防撞梁材料存在不同程度缩水,"M279,Q322,",2020-06-18,用户评分
485589,上汽集团,名爵ZS,2020款 180DVVT 自动 Plus L2+,上汽名爵ZS正常行驶时自动刹车且异响,"E43,E29,",2020-06-18,处理反馈
485587,东风标致,标致408,2015款 1.2T 自动 豪华版,东风标致408发动机电脑烧毁不予质保,"H104,",2020-06-18,处理反馈
485584,上汽集团,名爵ZS,2020款 180DVVT 自动 Lite,上汽名爵ZS通电后中控屏幕不亮无任何声音,"H134,",2020-06-18,处理反馈
485582,上汽集团,名爵ZS,2017款 1.5L 手动 舒适版,上汽名爵ZS发动机故障灯亮传感器故障,"A34,H234,",2020-06-18,处理反馈
485576,奇瑞瑞麒,瑞麒G6,2011款 2.0T 自动 豪华型,奇瑞瑞麟G6维修配件无货4S店无法处理,"A24,G52,N318,",2020-06-18,处理反馈
485574,华晨宝马,宝马5系,2012款 523Li 2.5 领先型,华晨宝马5系保养后发动机与变速箱故障,"A34,A85,B19,J300,",2020-06-18,信息审核
485571,吉利汽车,帝豪GS,2016款 1.8L 手动 领尚型 优雅版,吉利帝豪GS离合器不回位变速箱挂挡困难,"C267,",2020-06-18,处理反馈
485569,吉利汽车,博越,2020款 1.8TD DCT 智尊PRO,吉利博越挡pro位灯与宣传不符承诺解决未兑现,"L314,M279,",2020-06-18,处理反馈
485568,一汽马自达,阿特兹,2020款 2.5L 蓝天尊崇版,一汽马自达阿特兹车身B柱异响厂家未解决,"H164,H93,H15,I295,",2020-06-18,用户评分
485566,一汽马自达,马自达CX-4,2020款 2.0L 自动 两驱 蓝天活力版,一汽马自达CX-4车身多处异响厂家未解决,"H93,H15,I295,I293,M315,",2020-06-18,用户评分
485565,长安马自达,马自达3 昂克赛拉,2020款 2.0L 自动 质豪版,长安马自达昂克赛拉扶手箱异响车机卡顿,"H134,H164,H149,",2020-06-18,处理反馈
485564,一汽-大众,迈腾,2017款 330TSI DSG 豪华型,一汽大众迈腾变速箱无法换挡4S店不予保修,"B20,B115,I297,",2020-06-18,处理反馈
485562,北京现代,领动,2016款 1.6L 自动 智炫·精英型,北京现代领动发动机烧机油希望厂家保修,"A63,I297,",2020-06-18,信息审核
485556,吉利汽车,博越,2020款 1.8TD DCT 智联PRO,吉利博越没有挡位灯和前雾灯与宣传不符,"M279,",2020-06-18,处理反馈
485553,众泰汽车,众泰T600,2016款 2.0T  自动 尊贵型 运动版,众泰T600变速箱无法换挡 温度过高,"B246,",2020-06-18,用户评分
485552,东风雪铁龙,雪铁龙C4L,2013款 1.8L 手动 劲智版,东风雪铁龙C4L方向盘晃动存在质量问题,"D80,D337,",2020-06-18,处理反馈
485550,上汽集团,荣威360,2015款 1.5L   自动 豪华版,上汽荣威360前车轮处异响 减震器过硬,"G125,G171,",2020-06-18,用户评分
485549,一汽-大众奥迪,奥迪A4L,2019款 40 TFSI 时尚型 国VI,一汽大众奥迪A4L左前车轮行驶过程中异响,"G125,",2020-06-18,信息审核
485546,奇瑞汽车,艾瑞泽5,2019款 Pro 1.5L 手动 青春版 国VI,奇瑞艾瑞泽5车身掉漆生锈 助力泵油壶漏油,"D58,H79,H81,",2020-06-17,处理反馈
485545,上汽集团,名爵6,2017款 20T 手动 豪华智联版 国V,上汽名爵6离合器异响 行驶顿挫要求解决,"C65,",2020-06-17,处理反馈
485541,上汽大众,朗逸,2019款 280TSI DSG 豪华版 国VI,上汽大众朗逸变速箱异响 顿挫 失去动力,"B33,B19,B334,",2020-06-17,处理反馈
485540,广汽本田,雅阁,2018款 260TURBO 豪华版 国V,广汽本田雅阁手刹异响 4S店不解决故意拖延,"E43,I295,I282,",2020-06-17,信息审核
485538,一汽马自达,阿特兹,2020款 2.5L 蓝天运动版,一汽马自达阿特兹右侧B柱异响维修无法解决,"H15,J303,",2020-06-17,处理反馈
485536,吉利汽车,星越,2019款 350T 驭星者,吉利星越4S店销售库存车 服务承诺不兑现,"H15,L314,M283,",2020-06-17,处理反馈
485535,一汽马自达,阿特兹,2014款 2.0L 蓝天豪华版,一汽马自达阿特兹转向卡滞打方向沉重,"D59,D123,D156,",2020-06-17,信息审核
485533,北京现代,途胜,2018款 1.6T 双离合 两驱 15周年特别版,北京现代途胜耐克森轮胎多处老化开裂,"F100,",2020-06-17,处理反馈
485532,广汽丰田,YARiS L 致炫,2019款 1.5E CVT 魅动版 国VI,广汽丰田致炫转向或过减速带时悬架异响,"G204,",2020-06-17,信息审核
485529,一汽马自达,阿特兹,2020款 2.5L 蓝天尊崇版,一汽马自达阿特兹中控台和ABC柱有异响,"H93,H15,",2020-06-17,处理反馈
485528,吉利汽车,博越,2020款 1.8TD DCT 智慧PRO,吉利博越4S店克扣置换补贴变相收费,"K307,",2020-06-17,用户评分
485527,众泰汽车,众泰T700,2017款 1.8T 双离合 尊贵型,众泰T700 A柱和D柱装饰条出现裂痕,"H168,N318,",2020-06-17,处理反馈
485523,一汽-大众奥迪,奥迪A4L,2018款 quattro 2.0T 运动型 30周年年型,一汽大众奥迪A4L开启空调外循环无风,"H101,",2020-06-17,信息审核
485522,吉利汽车,博越,2020款 1.8TD DCT 智尊PRO,吉利博越没有前雾灯变速箱没有挡位灯,"M279,",2020-06-17,信息审核
485518,现代,轻卡货车,盛图2.8,四川现代盛图发动机渗油变速箱挂挡困难,"A12,B20,",2020-06-17,信息审核
485517,广汽本田,雅阁,2018款 260TURBO 精英版 国VI,广汽本田雅阁新车玻璃内侧有划痕,"H113,",2020-06-17,信息审核
485516,江淮汽车,瑞风S3,2016款 1.5L CVT 豪华智能尊享版,江淮瑞风S3安全气囊灯常亮无法解决,"H103,",2020-06-17,处理反馈
485514,吉利汽车,星越,2019款 350T 暗夜骑士限量版,吉利星越车机升级GKUI19系统后仍旧卡顿,"O348,",2020-06-17,处理反馈
485511,一汽丰田,亚洲龙,2019款 双擎 2.5L XLE 尊贵版 国V,一汽丰田亚洲龙机油增多 发动机漏油,"A12,A339,",2020-06-17,信息审核
485507,一汽马自达,马自达CX-4,2020款 2.0L 自动 两驱 蓝天探索版,一汽马自达CX-4 A柱B柱及C柱异响,"H15,",2020-06-17,处理反馈
485506,吉利新能源,博瑞新能源,2020款 1.5T PHEV 耀享版,吉利博瑞新能源承诺6000元补贴一直未兑现,"L313,",2020-06-17,处理反馈
485505,上汽集团,名爵ZS,2019款 1.5L 手动 65寸巨幕天窗全球版 国VI,上汽名爵ZS发动机高温希望尽快解决,"A191,",2020-06-17,处理反馈
485504,一汽丰田,卡罗拉,2007款 1.8L 自动GL-i,一汽丰田卡罗拉中控台开裂掉皮并且出油,"H176,",2020-06-17,信息审核
485503,东风标致,标致408,2019款 350THP 自动 豪华版 国V,东风标致408电池寿命低 油耗高胎噪大,"A85,H146,",2020-06-17,处理反馈
485502,广汽本田,缤智,2015款 1.8L CVT 两驱豪华型,广汽本田缤智保养错误导致行驶中熄火,"J300,J299,",2020-06-17,信息审核
485499,奇瑞捷豹路虎,发现神行,2019款 240PS SE版 国VI,奇瑞捷豹路虎发现神行水泵故障无配件更换,"A221,N318,",2020-06-17,用户评分
485495,一汽大众,捷达VS5,2019款 280TSI 自动 荣耀型,捷达VS5左前玲珑轮胎开裂希望尽快解决,"F100,",2020-06-17,处理反馈
485494,广汽本田,皓影,2020款 240TURBO CVT 两驱 豪华版,广汽本田皓影发动机舱进泥沙存在设计缺陷,"Q322,",2020-06-17,信息审核
485493,上汽通用五菱,宝骏310W,2018款 1.5L 自动 时尚型 国VI,宝骏310W工作人员态度不好 喷漆效果差,"I293,J303,",2020-06-17,处理反馈
485491,一汽马自达,马自达CX-4,2018款 2.0L 自动 两驱 蓝天品位升级版 国VI,一汽马自达CX-4前保险杠左右两边开裂,"H168,",2020-06-17,信息审核
485489,一汽-大众奥迪,奥迪A4L,2019款 40 TFSI 进取型 国VI,一汽大众奥迪A4L副驾驶车门无法关闭,"H149,",2020-06-17,信息审核
485488,广汽丰田,凯美瑞,2016款 2.0G 自动 十周年纪念豪华版,广汽丰田凯美瑞两侧内球笼套漏油,"G51,",2020-06-17,信息审核
485486,众泰汽车,众泰T700,2017款 1.8T 双离合 尊贵型,众泰T700电动踏板变形触摸锁及车窗升降失灵,"H168,H67,N318,",2020-06-17,处理反馈
485482,吉利汽车,星越,2019款 350T 耀星者,吉利星越车机系统升级后仍然出现卡顿,"O348,",2020-06-17,处理反馈
485476,上汽集团,名爵6,2017款 20T 自动 豪华智联版 国V,上汽名爵6低速抖动顿挫 变速箱高温停止工作,"B19,B95,",2020-06-17,用户评分
485471,吉利汽车,星越,2019款 350T 驭星者,吉利星越车机系统升级后依然出现卡顿现象,"O348,",2020-06-17,处理反馈
485468,众泰汽车,众泰SR9,2017款 2.0T 自动 极致之梦版,众泰SR9保修期内变速箱频繁故障,"B96,",2020-06-17,处理反馈
485467,众泰汽车,众泰T700,2017款 1.8T 双离合 尊贵型,众泰T700无钥匙进入失灵 门把手炸裂,"H233,N318,",2020-06-17,处理反馈
485462,吉利汽车,博越,2020款 1.8TD DCT 智领PRO,吉利博越挡位显示灯与宣传不符欺骗消费者,"M279,",2020-06-17,处理反馈
485461,一汽-大众奥迪,奥迪A6L,2020款 40 TFSI 豪华动感型,一汽大众奥迪A6L发动机漏油希望厂家处理,"A12,",2020-06-17,信息审核
485460,上汽大众,Polo,2018款 1.5L 自动 安享型,上汽大众Polo发动机舱有异味C柱内部异响,"H185,H15,",2020-06-17,信息审核
485458,广汽本田,飞度,2014款 1.5L CVT LX舒适型,广汽本田飞度发动机启动困难存在质量问题,"A44,",2020-06-17,信息审核
485449,一汽马自达,阿特兹,2020款 2.5L 蓝天尊崇版,一汽马自达阿特兹车身AB柱天窗有异响,"H93,H15,H89,",2020-06-17,处理反馈
485448,零跑汽车,零跑S01,2020款 460 标准版,零跑S01动力消失仪表提示系统故障,"A255,",2020-06-17,信息审核
485446,吉利汽车,博越,2020款 1.8TD DCT 智尊PRO,吉利博越变速箱无挡位显示灯与宣传不符,"M279,",2020-06-17,用户评分
485445,一汽马自达,阿特兹,2020款 2.5L 蓝天尊崇版,一汽马自达阿特兹车身AB柱中控天窗异响,"H93,H15,H89,",2020-06-17,处理反馈
485444,东风标致,标致408,2015款 1.2T 自动 豪华版,东风标致408召回正时皮带后烧机油,"A63,Q323,",2020-06-17,处理反馈
485440,吉利汽车,博越,2020款 1.8TD DCT 智联PRO,吉利博越配置与宣传不符 音响杂音 座椅异响,"H134,H164,M279,",2020-06-17,处理反馈
485439,一汽-大众奥迪,奥迪A3,2017款 Sportback 2.0T 双离合 运动型,一汽大众奥迪A3车载地图无法升级,"H21,",2020-06-17,信息审核
485438,猎豹汽车,Mattu,2018款 1.6T GDI DCT 尊贵型,猎豹Mattu发动机故障灯亮变速箱无动力输出,"A34,B334,",2020-06-17,信息审核
485434,东风小康,小康K02,2019款 1.2L K02L 国VI DK12,东风小康K02发动机故障灯亮无法加速,"A34,E29,",2020-06-17,处理反馈
485431,奇瑞汽车,捷途X70,2019款 1.5T DCT 悦行版,捷途X70才买半年底盘到处生锈要求处理,"H93,H89,",2020-06-17,用户评分
485430,一汽吉林,森雅R9,2018款 1.2T 自动 尊贵智悦型,森雅R9挡杆卡死无法换挡希望处理,"B20,",2020-06-17,信息审核
485428,江淮汽车,瑞风S7,2017款 1.5T 自动 豪华智能型,江淮瑞风S7转向异响 发动机报警 变速箱脱挡,"A34,B246,D59,",2020-06-17,处理反馈
485423,上汽大众,途观L,2017款 330TSI 两驱 舒适版,上汽大众途观L变速箱无法倒挡希望处理,"B20,",2020-06-17,厂家受理
485418,吉利汽车,缤越,2019款 260T DCT 骑士 国VI,吉利缤越门窗漏风车机系统升级未兑现,"L314,",2020-06-17,用户评分
485410,上汽集团,荣威350,2011款 1.5 手动 讯捷版 plus 350S,上汽荣威350正时链条拉长发动机故障灯亮,"A45,",2020-06-17,用户评分
485409,一汽马自达,阿特兹,2020款 2.5L 蓝天尊崇版,一汽马自达阿特兹左右两侧B柱位置异响,"H15,",2020-06-17,处理反馈
485406,众泰汽车,大迈X7,2017款 2.0T DCT 至尊型,众泰大迈X7行驶中座椅自动调节位置,"H169,",2020-06-17,处理反馈
485405,华晨宝马,宝马3系,2020款 325i M运动套装,华晨宝马3系防冻液泄漏 韩泰轮胎爆胎,"A37,A191,F130,",2020-06-17,信息审核
485404,北京奔驰,奔驰C级,2016款 200 L,北京奔驰C级两侧空调出风口出风温度不一致,"H101,",2020-06-17,信息审核
485398,一汽马自达,阿特兹,2020款 2.5L 蓝天尊崇版,一汽马自达阿特兹行驶中B柱异响,"H15,",2020-06-17,用户评分
485396,一汽-大众,宝来,2018款 1.5L 自动 时尚型,一汽大众宝来电瓶亏电厂家拒绝更换,"H146,I297,",2020-06-17,处理反馈
485393,一汽马自达,马自达CX-4,2020款 2.0L 自动 两驱 蓝天活力版,一汽马自达CX-4行驶过程中车身天窗异响,"H15,H89,",2020-06-17,处理反馈
485390,长安铃木,启悦,2015款 1.6L 手动 舒享型,长安铃木启悦后减震器明显渗油售后不予质保,"G25,",2020-06-17,处理反馈
485389,一汽吉林,森雅R9,2018款 1.2T 自动 旗舰智享型,一汽吉林森雅R9胎压稳定器及倒车影像故障,"H134,H203,N318,",2020-06-17,信息审核
485388,广汽丰田,凯美瑞,2010款 240G 2.4 自动 G-Book 智能领航版,广汽丰田凯美瑞中控台异味出油反光,"H176,",2020-06-17,信息审核
485387,吉利汽车,博越,2020款 1.8TD DCT 智尊PRO,吉利博越实际无挡位灯和雾灯与宣传不符,"M279,",2020-06-17,处理反馈
485385,海马汽车,海马M6,2016款 1.6L 手动 舒适型,海马M6发动机异响 底盘生锈 中控异响,"A9,G56,H93,",2020-06-17,处理反馈
485374,广汽本田,皓影,2020款 240TURBO CVT 两驱 幻夜版,广汽本田皓影后尾灯进水4S店不做处理,"H88,",2020-06-17,信息审核
485371,东风本田,艾力绅,2019款 2.0L 混动舒适版,东风本田艾力绅高速行驶中发动机多次失速,"A255,A160,I295,J298,J301,",2020-06-17,处理反馈
485369,北京现代,瑞纳,2011款 1.4L 手动 舒适型 GS 两厢,北京现代瑞纳车身侧裙生锈希望厂家质保,"H79,I297,",2020-06-17,处理反馈
485368,赛麟汽车,迈迈,大麦版,赛麟迈迈无法安装充电桩销售承诺不兑现,"L313,",2020-06-17,信息审核
485363,东风标致,标致408,2018款 350THP 自动 豪华版,东风标致408车辆无法进行异地首保,"I295,",2020-06-17,用户评分
485362,一汽马自达,阿特兹,2020款 2.5L 蓝天尊崇版,一汽马自达阿特兹车身及天窗异响,"H15,H89,",2020-06-17,用户评分
485360,一汽-大众,探岳,2019款 330TSI 两驱 豪华型 国Ⅵ,一汽大众探岳低速行驶过程中变速箱异响,"B33,",2020-06-17,处理反馈
485359,福田汽车,祥菱M,2018款 1.5L 非承载 双排 后双胎(载货)DAM15L,福田祥菱M新车空调泵皮带断裂后桥异响,"A222,G158,I295,I294,",2020-06-17,信息审核
485357,一汽-大众,速腾,2018款 280TSI DSG熠动版,一汽大众速腾韩泰轮胎老化有裂纹要求处理,"F100,",2020-06-17,处理反馈
485355,一汽-大众,速腾,2018款 280TSI 双离合 旗舰型,一汽大众速腾韩泰轮胎严重老化开裂,"F100,",2020-06-17,处理反馈
485352,知豆电动车,知豆D2,2018款 D2S,知豆D2差速器故障踩油门后出现异响,"G127,",2020-06-17,厂家受理
485351,上汽大众,途观L,2017款 380TSI 四驱 旗舰版,上汽大众途观L变速箱异响严重希望处理,"B33,",2020-06-17,信息审核
485350,一汽马自达,阿特兹,2020款 2.0L 蓝天豪华版,一汽马自达阿特兹B柱异响 厂家不回应,"H15,I294,",2020-06-17,处理反馈
485349,吉利汽车,星越,2019款 350T 耀星者,吉利星越车机系统升级后出现卡顿现象,"O348,",2020-06-17,处理反馈
485348,华晨中华,中华H530,2011款 1.6 手动 豪华型,中华H530年检OBD连接不上 4S店升级收费,"H104,K307,",2020-06-17,信息审核
485340,长城汽车,长城C30,2012款 1.5 CVT 豪华型,长安C30全车多处锈蚀 车漆起皮影响安全,"H79,H81,",2020-06-17,处理反馈
485338,长安凯程,睿行M90,2018款 2.0L 超值型 平顶背掀门 4G94S 6座,长安凯程睿行M90点火线圈及分缸线损坏,"A12,A91,I297,",2020-06-17,信息审核
485333,奔驰（进口）,奔驰GLA,2015款 200 5座,进口奔驰GLA自动驻车系统和ABS故障灯亮,"D156,E159,H170,",2020-06-17,信息审核
485330,北京现代,途胜,2019款 280TGDi 双离合 两驱 时尚版 国VI,北京现代途胜经销商换错机油 机油增多,"A339,J299,",2020-06-17,信息审核
485329,一汽马自达,阿特兹,2020款 2.5L 蓝天运动版,一汽马自达阿特兹B柱及内饰异响影响安全,"D59,H164,H93,H15,",2020-06-17,处理反馈
485326,上汽大众,途观L,2017款 330TSI 两驱 旗舰版,上汽大众途观330L变速箱报警要求厂家召回,"B96,B115,I297,Q322,Q290,",2020-06-17,厂家受理
485322,吉利汽车,帝豪,2018款 1.5L 手动 豪华型,吉利帝豪倒车雷达脱落4S店拒绝免费维修,"H168,",2020-06-17,用户评分
485320,奇瑞汽车,瑞虎5x,2017款 1.5T 自动 精英型,奇瑞瑞虎5x后轮胎内侧吃胎偏磨严重,"G245,",2020-06-17,处理反馈
485319,广汽本田,飞度,2014款 1.5L 手动 LX舒适型,广汽本田飞度冷启动VTC动作器异响,"A9,",2020-06-17,信息审核
